/*M!999999\- enable the sandbox mode */ 
-- MariaDB dump 10.19  Distrib 10.11.18-MariaDB, for debian-linux-gnu (x86_64)
--
-- Host: localhost    Database: billeterie
-- ------------------------------------------------------
-- Server version	10.11.18-MariaDB-0+deb12u1

/*!40101 SET @OLD_CHARACTER_SET_CLIENT=@@CHARACTER_SET_CLIENT */;
/*!40101 SET @OLD_CHARACTER_SET_RESULTS=@@CHARACTER_SET_RESULTS */;
/*!40101 SET @OLD_COLLATION_CONNECTION=@@COLLATION_CONNECTION */;
/*!40101 SET NAMES utf8mb4 */;
/*!40103 SET @OLD_TIME_ZONE=@@TIME_ZONE */;
/*!40103 SET TIME_ZONE='+00:00' */;
/*!40014 SET @OLD_UNIQUE_CHECKS=@@UNIQUE_CHECKS, UNIQUE_CHECKS=0 */;
/*!40014 SET @OLD_FOREIGN_KEY_CHECKS=@@FOREIGN_KEY_CHECKS, FOREIGN_KEY_CHECKS=0 */;
/*!40101 SET @OLD_SQL_MODE=@@SQL_MODE, SQL_MODE='NO_AUTO_VALUE_ON_ZERO' */;
/*!40111 SET @OLD_SQL_NOTES=@@SQL_NOTES, SQL_NOTES=0 */;

--
-- Table structure for table `billets`
--

DROP TABLE IF EXISTS `billets`;
/*!40101 SET @saved_cs_client     = @@character_set_client */;
/*!40101 SET character_set_client = utf8mb4 */;
CREATE TABLE `billets` (
  `id` int(11) NOT NULL AUTO_INCREMENT,
  `nom` varchar(100) DEFAULT NULL,
  `telephone` varchar(50) DEFAULT NULL,
  `sexe` enum('M','F') NOT NULL DEFAULT 'M',
  `cni` varchar(50) DEFAULT NULL,
  `type_passager` enum('adulte','enfant') DEFAULT NULL,
  `type_client` enum('senegalais','resident','non_resident') DEFAULT NULL,
  `pays` varchar(100) DEFAULT NULL,
  `id_place` int(11) DEFAULT NULL,
  `traversee_id` int(11) DEFAULT NULL,
  `code_qr` varchar(100) DEFAULT NULL,
  `prix` int(11) DEFAULT NULL,
  `statut` enum('valide','embarque') DEFAULT 'valide',
  `date_reservation` datetime DEFAULT current_timestamp(),
  `report_effectue` tinyint(4) DEFAULT 0,
  `frais_service` int(11) DEFAULT 500,
  `depart_client` varchar(50) DEFAULT NULL,
  `montant_rembourse` int(11) DEFAULT 0,
  `date_remboursement` datetime DEFAULT NULL,
  PRIMARY KEY (`id`),
  KEY `id_place` (`id_place`),
  CONSTRAINT `billets_ibfk_1` FOREIGN KEY (`id_place`) REFERENCES `places` (`id_place`)
) ENGINE=InnoDB AUTO_INCREMENT=19 DEFAULT CHARSET=utf8mb4 COLLATE=utf8mb4_general_ci;
/*!40101 SET character_set_client = @saved_cs_client */;

--
-- Dumping data for table `billets`
--

LOCK TABLES `billets` WRITE;
/*!40000 ALTER TABLE `billets` DISABLE KEYS */;
INSERT INTO `billets` VALUES
(1,'Benedicta Coly','773398328','F','2001199700964','adulte','senegalais',NULL,191,6,'BILLET-1784068746',5000,'valide','2026-07-14 22:41:21',0,500,'',0,NULL),
(2,'Mamadou Moustapha Bodian ','779008309','M','1870199303664','adulte','senegalais',NULL,360,9,'BILLET-1784112529',5000,'valide','2026-07-15 10:50:02',0,500,'',0,NULL),
(3,'Mamietou Sonko','779008309','F','2006201400013','adulte','senegalais',NULL,361,9,'BILLET-1784113065',5000,'valide','2026-07-15 10:58:59',0,500,'',0,NULL),
(4,'Khady Aïssatou Dieynaba Goudiaby','779008309','F','27020162026','enfant','senegalais',NULL,362,9,'BILLET-1784113539',2500,'valide','2026-07-15 11:08:36',0,500,'',0,NULL),
(5,'Luís Filipe Pereira Vieira Gomes Correia ','771454028','M','002643595','adulte','resident','Guinée-Bissau',181,6,'BILLET-1784120319',12900,'valide','2026-07-15 12:59:04',0,500,'',0,NULL),
(6,'Mamadou Diouet Diallo ','783006726','M','1081199800937','adulte','senegalais',NULL,1172,25,'BILLET-1784125562',5000,'valide','2026-07-15 14:55:11',0,500,'',0,NULL),
(7,'Mamy Astou Badiane ','768298191','F','2 126 2002 00504','adulte','senegalais',NULL,184,6,'BILLET-1784138549',12500,'valide','2026-07-15 18:02:47',0,500,'',0,NULL),
(8,'Jean bassile Gomis','770135060','M','1758198800176','adulte','senegalais',NULL,192,6,'BILLET-1784141850',5000,'valide','2026-07-15 19:16:43',0,500,'',0,NULL),
(9,'Elbou Diongue ','784462611','M','1950199900335','adulte','senegalais',NULL,193,6,'BILLET-1784197337',5000,'valide','2026-07-16 10:22:37',0,500,'',0,NULL),
(10,'Fatou casset','771029892','F','2755197404382','adulte','senegalais',NULL,194,6,'BILLET-1784197455',5000,'valide','2026-07-16 10:24:32',0,500,'',0,NULL),
(11,'Aladji Djiby Cissé ','778794225','M','1619200000021','adulte','senegalais',NULL,205,6,'BILLET-1784205057',5000,'valide','2026-07-16 12:31:20',0,500,'',0,NULL),
(12,'Callieu','0783827076','F','23AR95457','adulte','non_resident','France',296,8,'BILLET-1784210598',18900,'valide','2026-07-16 14:04:22',0,500,'',0,NULL),
(13,'Callieu','0783827076','F','23AR95457','adulte','non_resident','France',296,8,'BILLET-1784210598',18900,'valide','2026-07-16 14:04:22',0,500,'',0,NULL),
(14,'Knockaert','0610428789','F','22DC55326','adulte','non_resident','France',297,8,'BILLET-1784210711',18900,'valide','2026-07-16 14:05:53',0,500,'',0,NULL),
(15,'Raphaëlle Widmaier','710472775','F','23DC53666','adulte','non_resident','France',298,8,'BILLET-1784210813',18900,'valide','2026-07-16 14:07:12',0,500,'',0,NULL),
(16,'Juanchich','0768985997','F','25CH29105','adulte','non_resident','France',299,8,'BILLET-1784210873',18900,'valide','2026-07-16 14:08:54',0,500,'',0,NULL),
(17,'Gantois','777846265','F','26AF15417','adulte','non_resident','France',300,8,'BILLET-1784211022',18900,'valide','2026-07-16 14:10:53',0,500,'',0,NULL),
(18,'Emile Gabriel Corréa','785785682','M','1082200300184','adulte','senegalais',NULL,1122,24,'BILLET-1784211568',5000,'valide','2026-07-16 14:20:52',0,500,'',0,NULL);
/*!40000 ALTER TABLE `billets` ENABLE KEYS */;
UNLOCK TABLES;

--
-- Table structure for table `enfants_accompagnants`
--

DROP TABLE IF EXISTS `enfants_accompagnants`;
/*!40101 SET @saved_cs_client     = @@character_set_client */;
/*!40101 SET character_set_client = utf8mb4 */;
CREATE TABLE `enfants_accompagnants` (
  `id` int(11) NOT NULL AUTO_INCREMENT,
  `billet_id` int(11) NOT NULL,
  `nom_enfant` varchar(150) NOT NULL,
  `age_valeur` smallint(5) unsigned NOT NULL,
  `age_unite` enum('mois','ans') NOT NULL DEFAULT 'mois',
  `created_at` timestamp NOT NULL DEFAULT current_timestamp(),
  PRIMARY KEY (`id`),
  KEY `fk_enfant_billet` (`billet_id`),
  CONSTRAINT `fk_enfant_billet` FOREIGN KEY (`billet_id`) REFERENCES `billets` (`id`) ON DELETE CASCADE
) ENGINE=InnoDB DEFAULT CHARSET=utf8mb4 COLLATE=utf8mb4_general_ci;
/*!40101 SET character_set_client = @saved_cs_client */;

--
-- Dumping data for table `enfants_accompagnants`
--

LOCK TABLES `enfants_accompagnants` WRITE;
/*!40000 ALTER TABLE `enfants_accompagnants` DISABLE KEYS */;
/*!40000 ALTER TABLE `enfants_accompagnants` ENABLE KEYS */;
UNLOCK TABLES;

--
-- Table structure for table `logs`
--

DROP TABLE IF EXISTS `logs`;
/*!40101 SET @saved_cs_client     = @@character_set_client */;
/*!40101 SET character_set_client = utf8mb4 */;
CREATE TABLE `logs` (
  `id` int(11) NOT NULL AUTO_INCREMENT,
  `user_id` int(11) NOT NULL,
  `action` text NOT NULL,
  `created_at` timestamp NOT NULL DEFAULT current_timestamp(),
  PRIMARY KEY (`id`)
) ENGINE=InnoDB AUTO_INCREMENT=49 DEFAULT CHARSET=utf8mb4 COLLATE=utf8mb4_general_ci;
/*!40101 SET character_set_client = @saved_cs_client */;

--
-- Dumping data for table `logs`
--

LOCK TABLES `logs` WRITE;
/*!40000 ALTER TABLE `logs` DISABLE KEYS */;
INSERT INTO `logs` VALUES
(1,3,'Modification rôle user ID: 8 -> admin','2026-05-05 17:31:00'),
(2,3,'Suppression utilisateur ID: 2','2026-05-05 17:31:08'),
(3,3,'Suppression utilisateur ID: 2','2026-05-05 17:31:12'),
(4,3,'Création utilisateur: jah@gmail.com','2026-05-05 17:31:27'),
(5,3,'Suppression utilisateur ID: 11','2026-05-05 17:34:35'),
(6,3,'Création utilisateur: jah@gmail.com','2026-05-05 17:34:40'),
(7,3,'Modification rôle user ID: 8 -> exploitation','2026-05-05 17:36:12'),
(8,5,'Création utilisateur: babatall@cosamasn','2026-05-05 17:36:58'),
(9,5,'Suppression utilisateur ID: 13','2026-05-05 17:37:43'),
(10,3,'Reset password user ID: 13','2026-05-05 17:37:46'),
(11,5,'Création utilisateur: babatall@cosamasn.com','2026-05-05 17:38:01'),
(12,3,'Reset password user ID: 13','2026-05-05 17:38:38'),
(13,3,'Modification rôle user ID: 8 -> admin','2026-05-06 12:11:02'),
(14,3,'Modification rôle user ID: 3 -> admin','2026-05-06 14:31:33'),
(15,3,'Modification rôle user ID: 3 -> admin','2026-05-06 14:34:20'),
(16,3,'Utilisateur a reset SON propre mot de passe','2026-05-06 14:34:27'),
(17,3,'Suppression utilisateur ID: 12','2026-07-02 16:15:46'),
(18,3,'Suppression utilisateur ID: 9','2026-07-02 16:16:02'),
(19,3,'Suppression utilisateur ID: 1','2026-07-02 16:16:11'),
(20,3,'Suppression utilisateur ID: 4','2026-07-02 16:16:21'),
(21,3,'Modification rôle user ID: 5 -> admin','2026-07-02 16:16:50'),
(22,3,'Reset password user ID: 5','2026-07-02 16:17:01'),
(23,3,'Reset password user ID: 14','2026-07-02 16:18:10'),
(24,3,'Utilisateur a reset SON propre mot de passe','2026-07-02 16:19:12'),
(25,5,'Modification rôle user ID: 8 -> admin','2026-07-02 16:19:46'),
(26,5,'Création utilisateur: msoumare@cosamasn.com','2026-07-02 16:20:51'),
(27,5,'Création utilisateur: yatmaniang@cosamasn.com','2026-07-02 16:22:01'),
(28,3,'Utilisateur a reset SON propre mot de passe','2026-07-02 16:22:33'),
(29,5,'Création utilisateur: mdiaw@cosamasn.com','2026-07-02 16:23:04'),
(30,3,'Utilisateur a reset SON propre mot de passe','2026-07-02 16:24:40'),
(31,3,'Reset password user ID: 5','2026-07-07 11:52:46'),
(32,5,'Suppression utilisateur ID: 8','2026-07-07 12:03:04'),
(33,5,'Création utilisateur: oumarsamb@cosamasn.com','2026-07-07 12:03:55'),
(34,3,'Reset password user ID: 5','2026-07-08 07:54:07'),
(35,5,'Création utilisateur: sanoubadji@cosamasn.com','2026-07-08 08:07:16'),
(36,5,'Création utilisateur: lahat@cosamasn.com','2026-07-08 08:07:54'),
(37,5,'Création utilisateur: khady.diallo@cosamasn.com','2026-07-08 14:20:31'),
(38,5,'Création utilisateur: aissatou.balde@cosamasn.com','2026-07-08 14:22:32'),
(39,3,'Reset password user ID: 5','2026-07-12 20:01:09'),
(40,5,'Reset password user ID: 3','2026-07-12 20:02:34'),
(41,5,'Création utilisateur: moussfall@cosamasn.com','2026-07-12 20:19:00'),
(42,5,'Reset password user ID: 3','2026-07-15 17:24:45'),
(43,5,'Modification rôle user ID: 3 -> exploitation','2026-07-15 17:25:25'),
(44,5,'Modification rôle user ID: 14 -> exploitation','2026-07-15 17:25:38'),
(45,5,'Reset password user ID: 10','2026-07-15 17:28:40'),
(46,5,'Modification rôle user ID: 3 -> agent','2026-07-15 18:05:08'),
(47,5,'Modification rôle user ID: 3 -> admin','2026-07-16 07:57:46'),
(48,5,'Reset password user ID: 3','2026-07-16 07:57:58');
/*!40000 ALTER TABLE `logs` ENABLE KEYS */;
UNLOCK TABLES;

--
-- Table structure for table `pays`
--

DROP TABLE IF EXISTS `pays`;
/*!40101 SET @saved_cs_client     = @@character_set_client */;
/*!40101 SET character_set_client = utf8mb4 */;
CREATE TABLE `pays` (
  `id` int(11) NOT NULL AUTO_INCREMENT,
  `nom` varchar(100) NOT NULL,
  `code_iso` varchar(3) DEFAULT NULL,
  `actif` tinyint(1) NOT NULL DEFAULT 1,
  PRIMARY KEY (`id`)
) ENGINE=InnoDB AUTO_INCREMENT=196 DEFAULT CHARSET=utf8mb4 COLLATE=utf8mb4_general_ci;
/*!40101 SET character_set_client = @saved_cs_client */;

--
-- Dumping data for table `pays`
--

LOCK TABLES `pays` WRITE;
/*!40000 ALTER TABLE `pays` DISABLE KEYS */;
INSERT INTO `pays` VALUES
(1,'Afghanistan','AFG',1),
(2,'Afrique du Sud','ZAF',1),
(3,'Albanie','ALB',1),
(4,'Algérie','DZA',1),
(5,'Allemagne','DEU',1),
(6,'Andorre','AND',1),
(7,'Angola','AGO',1),
(8,'Antigua-et-Barbuda','ATG',1),
(9,'Arabie Saoudite','SAU',1),
(10,'Argentine','ARG',1),
(11,'Arménie','ARM',1),
(12,'Australie','AUS',1),
(13,'Autriche','AUT',1),
(14,'Azerbaïdjan','AZE',1),
(15,'Bahamas','BHS',1),
(16,'Bahreïn','BHR',1),
(17,'Bangladesh','BGD',1),
(18,'Barbade','BRB',1),
(19,'Belgique','BEL',1),
(20,'Belize','BLZ',1),
(21,'Bénin','BEN',1),
(22,'Bhoutan','BTN',1),
(23,'Biélorussie','BLR',1),
(24,'Birmanie (Myanmar)','MMR',1),
(25,'Bolivie','BOL',1),
(26,'Bosnie-Herzégovine','BIH',1),
(27,'Botswana','BWA',1),
(28,'Brésil','BRA',1),
(29,'Brunei','BRN',1),
(30,'Bulgarie','BGR',1),
(31,'Burkina Faso','BFA',1),
(32,'Burundi','BDI',1),
(33,'Cambodge','KHM',1),
(34,'Cameroun','CMR',1),
(35,'Canada','CAN',1),
(36,'Cap-Vert','CPV',1),
(37,'République Centrafricaine','CAF',1),
(38,'Chili','CHL',1),
(39,'Chine','CHN',1),
(40,'Chypre','CYP',1),
(41,'Colombie','COL',1),
(42,'Comores','COM',1),
(43,'Congo-Brazzaville','COG',1),
(44,'Congo-Kinshasa (RDC)','COD',1),
(45,'Corée du Nord','PRK',1),
(46,'Corée du Sud','KOR',1),
(47,'Costa Rica','CRI',1),
(48,'Côte d\'Ivoire','CIV',1),
(49,'Croatie','HRV',1),
(50,'Cuba','CUB',1),
(51,'Danemark','DNK',1),
(52,'Djibouti','DJI',1),
(53,'Dominique','DMA',1),
(54,'Égypte','EGY',1),
(55,'Émirats Arabes Unis','ARE',1),
(56,'Équateur','ECU',1),
(57,'Érythrée','ERI',1),
(58,'Espagne','ESP',1),
(59,'Estonie','EST',1),
(60,'Eswatini','SWZ',1),
(61,'États-Unis','USA',1),
(62,'Éthiopie','ETH',1),
(63,'Fidji','FJI',1),
(64,'Finlande','FIN',1),
(65,'France','FRA',1),
(66,'Gabon','GAB',1),
(67,'Gambie','GMB',1),
(68,'Géorgie','GEO',1),
(69,'Ghana','GHA',1),
(70,'Grèce','GRC',1),
(71,'Grenade','GRD',1),
(72,'Guatemala','GTM',1),
(73,'Guinée','GIN',1),
(74,'Guinée-Bissau','GNB',1),
(75,'Guinée Équatoriale','GNQ',1),
(76,'Guyana','GUY',1),
(77,'Haïti','HTI',1),
(78,'Honduras','HND',1),
(79,'Hongrie','HUN',1),
(80,'Îles Marshall','MHL',1),
(81,'Îles Salomon','SLB',1),
(82,'Inde','IND',1),
(83,'Indonésie','IDN',1),
(84,'Irak','IRQ',1),
(85,'Iran','IRN',1),
(86,'Irlande','IRL',1),
(87,'Islande','ISL',1),
(88,'Israël','ISR',1),
(89,'Italie','ITA',1),
(90,'Jamaïque','JAM',1),
(91,'Japon','JPN',1),
(92,'Jordanie','JOR',1),
(93,'Kazakhstan','KAZ',1),
(94,'Kenya','KEN',1),
(95,'Kirghizistan','KGZ',1),
(96,'Kiribati','KIR',1),
(97,'Koweït','KWT',1),
(98,'Laos','LAO',1),
(99,'Lesotho','LSO',1),
(100,'Lettonie','LVA',1),
(101,'Liban','LBN',1),
(102,'Liberia','LBR',1),
(103,'Libye','LBY',1),
(104,'Liechtenstein','LIE',1),
(105,'Lituanie','LTU',1),
(106,'Luxembourg','LUX',1),
(107,'Macédoine du Nord','MKD',1),
(108,'Madagascar','MDG',1),
(109,'Malaisie','MYS',1),
(110,'Malawi','MWI',1),
(111,'Maldives','MDV',1),
(112,'Mali','MLI',1),
(113,'Malte','MLT',1),
(114,'Maroc','MAR',1),
(115,'Maurice','MUS',1),
(116,'Mauritanie','MRT',1),
(117,'Mexique','MEX',1),
(118,'Micronésie','FSM',1),
(119,'Moldavie','MDA',1),
(120,'Monaco','MCO',1),
(121,'Mongolie','MNG',1),
(122,'Monténégro','MNE',1),
(123,'Mozambique','MOZ',1),
(124,'Namibie','NAM',1),
(125,'Nauru','NRU',1),
(126,'Népal','NPL',1),
(127,'Nicaragua','NIC',1),
(128,'Niger','NER',1),
(129,'Nigeria','NGA',1),
(130,'Norvège','NOR',1),
(131,'Nouvelle-Zélande','NZL',1),
(132,'Oman','OMN',1),
(133,'Ouganda','UGA',1),
(134,'Ouzbékistan','UZB',1),
(135,'Pakistan','PAK',1),
(136,'Palaos','PLW',1),
(137,'Palestine','PSE',1),
(138,'Panama','PAN',1),
(139,'Papouasie-Nouvelle-Guinée','PNG',1),
(140,'Paraguay','PRY',1),
(141,'Pays-Bas','NLD',1),
(142,'Pérou','PER',1),
(143,'Philippines','PHL',1),
(144,'Pologne','POL',1),
(145,'Portugal','PRT',1),
(146,'Qatar','QAT',1),
(147,'République Dominicaine','DOM',1),
(148,'République Tchèque','CZE',1),
(149,'Roumanie','ROU',1),
(150,'Royaume-Uni','GBR',1),
(151,'Russie','RUS',1),
(152,'Rwanda','RWA',1),
(153,'Saint-Kitts-et-Nevis','KNA',1),
(154,'Saint-Marin','SMR',1),
(155,'Saint-Vincent-et-les-Grenadines','VCT',1),
(156,'Sainte-Lucie','LCA',1),
(157,'Salvador','SLV',1),
(158,'Samoa','WSM',1),
(159,'Sao Tomé-et-Principe','STP',1),
(160,'Sénégal','SEN',1),
(161,'Serbie','SRB',1),
(162,'Seychelles','SYC',1),
(163,'Sierra Leone','SLE',1),
(164,'Singapour','SGP',1),
(165,'Slovaquie','SVK',1),
(166,'Slovénie','SVN',1),
(167,'Somalie','SOM',1),
(168,'Soudan','SDN',1),
(169,'Soudan du Sud','SSD',1),
(170,'Sri Lanka','LKA',1),
(171,'Suède','SWE',1),
(172,'Suisse','CHE',1),
(173,'Suriname','SUR',1),
(174,'Syrie','SYR',1),
(175,'Tadjikistan','TJK',1),
(176,'Tanzanie','TZA',1),
(177,'Tchad','TCD',1),
(178,'Thaïlande','THA',1),
(179,'Timor Oriental','TLS',1),
(180,'Togo','TGO',1),
(181,'Tonga','TON',1),
(182,'Trinité-et-Tobago','TTO',1),
(183,'Tunisie','TUN',1),
(184,'Turkménistan','TKM',1),
(185,'Turquie','TUR',1),
(186,'Tuvalu','TUV',1),
(187,'Ukraine','UKR',1),
(188,'Uruguay','URY',1),
(189,'Vanuatu','VUT',1),
(190,'Vatican','VAT',1),
(191,'Venezuela','VEN',1),
(192,'Viêt Nam','VNM',1),
(193,'Yémen','YEM',1),
(194,'Zambie','ZMB',1),
(195,'Zimbabwe','ZWE',1);
/*!40000 ALTER TABLE `pays` ENABLE KEYS */;
UNLOCK TABLES;

--
-- Table structure for table `places`
--

DROP TABLE IF EXISTS `places`;
/*!40101 SET @saved_cs_client     = @@character_set_client */;
/*!40101 SET character_set_client = utf8mb4 */;
CREATE TABLE `places` (
  `id_place` int(11) NOT NULL AUTO_INCREMENT,
  `traversee_id` int(11) DEFAULT NULL,
  `type_place` varchar(50) DEFAULT NULL,
  `total` int(11) DEFAULT NULL,
  `restant` int(11) DEFAULT NULL,
  `numero_place` varchar(50) DEFAULT NULL,
  PRIMARY KEY (`id_place`)
) ENGINE=InnoDB AUTO_INCREMENT=1406 DEFAULT CHARSET=utf8mb4 COLLATE=utf8mb4_general_ci;
/*!40101 SET character_set_client = @saved_cs_client */;

--
-- Dumping data for table `places`
--

LOCK TABLES `places` WRITE;
/*!40000 ALTER TABLE `places` DISABLE KEYS */;
INSERT INTO `places` VALUES
(1,1,'Pullman',1,0,'A2.6'),
(2,1,'Pullman',1,0,'A2.7'),
(3,1,'Pullman',1,0,'A2.8'),
(4,1,'Pullman',1,0,'A2.9'),
(16,1,'Cabine 8 places Homme',1,0,'302.01A'),
(22,2,'Pullman',1,0,'A2.6'),
(42,3,'Pullman',1,0,'A2.6'),
(175,6,'Cabine 8 places Homme',1,1,'302.12A'),
(176,6,'Cabine 8 places Homme',1,1,'302.12B'),
(177,6,'Cabine 8 places Homme',1,1,'302.12C'),
(178,6,'Cabine 8 places Homme',1,1,'302.12D'),
(179,6,'Cabine 8 places Homme',1,1,'302.12E'),
(180,6,'Cabine 8 places Homme',1,1,'302.12F'),
(181,6,'Cabine 8 places Homme',1,0,'302.12G'),
(182,6,'Cabine 8 places Homme',1,1,'302.12H'),
(183,6,'Cabine 8 places Femme',1,1,'302.15A'),
(184,6,'Cabine 8 places Femme',1,0,'302.15B'),
(185,6,'Cabine 8 places Femme',1,1,'302.15C'),
(186,6,'Cabine 8 places Femme',1,1,'302.15D'),
(187,6,'Cabine 8 places Femme',1,1,'302.15E'),
(188,6,'Cabine 8 places Femme',1,1,'302.15F'),
(189,6,'Cabine 8 places Femme',1,1,'302.15G'),
(190,6,'Cabine 8 places Femme',1,1,'302.15H'),
(191,6,'Pullman',1,0,'A2.6'),
(192,6,'Pullman',1,0,'A2.7'),
(193,6,'Pullman',1,0,'A2.8'),
(194,6,'Pullman',1,0,'A2.9'),
(195,6,'Pullman',1,1,'B2.2'),
(196,6,'Pullman',1,1,'B2.3'),
(197,6,'Pullman',1,1,'B2.4'),
(198,6,'Pullman',1,1,'B2.5'),
(199,6,'Pullman',1,1,'B2.6'),
(200,6,'Pullman',1,1,'B2.7'),
(201,6,'Pullman',1,1,'B2.8'),
(202,6,'Pullman',1,1,'B2.9'),
(203,6,'Pullman',1,1,'B2.10'),
(204,6,'Pullman',1,1,'B2.11'),
(205,6,'Pullman',1,0,'B2.12'),
(206,6,'Pullman',1,1,'B2.13'),
(207,6,'Pullman',1,1,'B2.14'),
(208,6,'Pullman',1,1,'B2.15'),
(209,6,'Pullman',1,1,'C2.2'),
(210,6,'Pullman',1,1,'C2.3'),
(211,6,'Pullman',1,1,'C2.4'),
(212,6,'Pullman',1,1,'C2.5'),
(213,6,'Pullman',1,1,'C2.6'),
(214,6,'Pullman',1,1,'C2.7'),
(215,6,'Pullman',1,1,'C2.8'),
(216,6,'Pullman',1,1,'C2.9'),
(217,6,'Pullman',1,1,'C2.10'),
(218,6,'Pullman',1,1,'C2.11'),
(219,6,'Pullman',1,1,'C2.12'),
(220,6,'Pullman',1,1,'C2.13'),
(221,6,'Pullman',1,1,'C2.14'),
(222,6,'Pullman',1,1,'C2.15'),
(223,6,'Pullman',1,1,'D2.2'),
(224,6,'Pullman',1,1,'D2.3'),
(231,7,'Cabine 8 places Homme',1,1,'302.12A'),
(232,7,'Cabine 8 places Homme',1,1,'302.12B'),
(233,7,'Cabine 8 places Homme',1,1,'302.12C'),
(234,7,'Cabine 8 places Homme',1,1,'302.12D'),
(235,7,'Cabine 8 places Homme',1,1,'302.12E'),
(236,7,'Cabine 8 places Homme',1,1,'302.12F'),
(237,7,'Cabine 8 places Homme',1,1,'302.12G'),
(238,7,'Cabine 8 places Homme',1,1,'302.12H'),
(239,7,'Cabine 8 places Femme',1,1,'302.15A'),
(240,7,'Cabine 8 places Femme',1,1,'302.15B'),
(241,7,'Cabine 8 places Femme',1,1,'302.15C'),
(242,7,'Cabine 8 places Femme',1,1,'302.15D'),
(243,7,'Cabine 8 places Femme',1,1,'302.15E'),
(244,7,'Cabine 8 places Femme',1,1,'302.15F'),
(245,7,'Cabine 8 places Femme',1,1,'302.15G'),
(246,7,'Cabine 8 places Femme',1,1,'302.15H'),
(247,7,'Pullman',1,1,'A2.6'),
(248,7,'Pullman',1,1,'A2.7'),
(249,7,'Pullman',1,1,'A2.8'),
(250,7,'Pullman',1,1,'A2.9'),
(251,7,'Pullman',1,1,'B2.2'),
(252,7,'Pullman',1,1,'B2.3'),
(253,7,'Pullman',1,1,'B2.4'),
(254,7,'Pullman',1,1,'B2.5'),
(255,7,'Pullman',1,1,'B2.6'),
(256,7,'Pullman',1,1,'B2.7'),
(257,7,'Pullman',1,1,'B2.8'),
(258,7,'Pullman',1,1,'B2.9'),
(259,7,'Pullman',1,1,'B2.10'),
(260,7,'Pullman',1,1,'B2.11'),
(261,7,'Pullman',1,1,'B2.12'),
(262,7,'Pullman',1,1,'B2.13'),
(263,7,'Pullman',1,1,'B2.14'),
(264,7,'Pullman',1,1,'B2.15'),
(265,7,'Pullman',1,1,'C2.2'),
(266,7,'Pullman',1,1,'C2.3'),
(267,7,'Pullman',1,1,'C2.4'),
(268,7,'Pullman',1,1,'C2.5'),
(269,7,'Pullman',1,1,'C2.6'),
(270,7,'Pullman',1,1,'C2.7'),
(271,7,'Pullman',1,1,'C2.8'),
(272,7,'Pullman',1,1,'C2.9'),
(273,7,'Pullman',1,1,'C2.10'),
(274,7,'Pullman',1,1,'C2.11'),
(275,7,'Pullman',1,1,'C2.12'),
(276,7,'Pullman',1,1,'C2.13'),
(277,7,'Pullman',1,1,'C2.14'),
(278,7,'Pullman',1,1,'C2.15'),
(279,7,'Pullman',1,1,'D2.2'),
(287,7,'Pullman',1,1,'D2.3'),
(288,8,'Cabine 8 places Homme',1,1,'302.12A'),
(289,8,'Cabine 8 places Homme',1,1,'302.12B'),
(290,8,'Cabine 8 places Homme',1,1,'302.12C'),
(291,8,'Cabine 8 places Homme',1,1,'302.12D'),
(292,8,'Cabine 8 places Homme',1,1,'302.12E'),
(293,8,'Cabine 8 places Homme',1,1,'302.12F'),
(294,8,'Cabine 8 places Homme',1,1,'302.12G'),
(295,8,'Cabine 8 places Homme',1,1,'302.12H'),
(296,8,'Cabine 8 places Femme',1,-1,'302.15A'),
(297,8,'Cabine 8 places Femme',1,0,'302.15B'),
(298,8,'Cabine 8 places Femme',1,0,'302.15C'),
(299,8,'Cabine 8 places Femme',1,0,'302.15D'),
(300,8,'Cabine 8 places Femme',1,0,'302.15E'),
(301,8,'Cabine 8 places Femme',1,1,'302.15F'),
(302,8,'Cabine 8 places Femme',1,1,'302.15G'),
(303,8,'Cabine 8 places Femme',1,1,'302.15H'),
(304,8,'Pullman',1,1,'A2.6'),
(305,8,'Pullman',1,1,'A2.7'),
(306,8,'Pullman',1,1,'A2.8'),
(307,8,'Pullman',1,1,'A2.9'),
(308,8,'Pullman',1,1,'B2.2'),
(309,8,'Pullman',1,1,'B2.3'),
(310,8,'Pullman',1,1,'B2.4'),
(311,8,'Pullman',1,1,'B2.5'),
(312,8,'Pullman',1,1,'B2.6'),
(313,8,'Pullman',1,1,'B2.7'),
(314,8,'Pullman',1,1,'B2.8'),
(315,8,'Pullman',1,1,'B2.9'),
(316,8,'Pullman',1,1,'B2.10'),
(317,8,'Pullman',1,1,'B2.11'),
(318,8,'Pullman',1,1,'B2.12'),
(319,8,'Pullman',1,1,'B2.13'),
(320,8,'Pullman',1,1,'B2.14'),
(321,8,'Pullman',1,1,'B2.15'),
(322,8,'Pullman',1,1,'C2.2'),
(323,8,'Pullman',1,1,'C2.3'),
(324,8,'Pullman',1,1,'C2.4'),
(325,8,'Pullman',1,1,'C2.5'),
(326,8,'Pullman',1,1,'C2.6'),
(327,8,'Pullman',1,1,'C2.7'),
(328,8,'Pullman',1,1,'C2.8'),
(329,8,'Pullman',1,1,'C2.9'),
(330,8,'Pullman',1,1,'C2.10'),
(331,8,'Pullman',1,1,'C2.11'),
(332,8,'Pullman',1,1,'C2.12'),
(333,8,'Pullman',1,1,'C2.13'),
(334,8,'Pullman',1,1,'C2.14'),
(335,8,'Pullman',1,1,'C2.15'),
(336,8,'Pullman',1,1,'D2.2'),
(337,8,'Pullman',1,1,'D2.3'),
(344,9,'Cabine 8 places Homme',1,1,'302.12A'),
(345,9,'Cabine 8 places Homme',1,1,'302.12B'),
(346,9,'Cabine 8 places Homme',1,1,'302.12C'),
(347,9,'Cabine 8 places Homme',1,1,'302.12D'),
(348,9,'Cabine 8 places Homme',1,1,'302.12E'),
(349,9,'Cabine 8 places Homme',1,1,'302.12F'),
(350,9,'Cabine 8 places Homme',1,1,'302.12G'),
(351,9,'Cabine 8 places Homme',1,1,'302.12H'),
(352,9,'Cabine 8 places Femme',1,1,'302.15A'),
(353,9,'Cabine 8 places Femme',1,1,'302.15B'),
(354,9,'Cabine 8 places Femme',1,1,'302.15C'),
(355,9,'Cabine 8 places Femme',1,1,'302.15D'),
(356,9,'Cabine 8 places Femme',1,1,'302.15E'),
(357,9,'Cabine 8 places Femme',1,1,'302.15F'),
(358,9,'Cabine 8 places Femme',1,1,'302.15G'),
(359,9,'Cabine 8 places Femme',1,1,'302.15H'),
(360,9,'Pullman',1,0,'A2.6'),
(361,9,'Pullman',1,0,'A2.7'),
(362,9,'Pullman',1,0,'A2.8'),
(363,9,'Pullman',1,1,'A2.9'),
(364,9,'Pullman',1,1,'B2.2'),
(365,9,'Pullman',1,1,'B2.3'),
(366,9,'Pullman',1,1,'B2.4'),
(367,9,'Pullman',1,1,'B2.5'),
(368,9,'Pullman',1,1,'B2.6'),
(369,9,'Pullman',1,1,'B2.7'),
(370,9,'Pullman',1,1,'B2.8'),
(371,9,'Pullman',1,1,'B2.9'),
(372,9,'Pullman',1,1,'B2.10'),
(373,9,'Pullman',1,1,'B2.11'),
(374,9,'Pullman',1,1,'B2.12'),
(375,9,'Pullman',1,1,'B2.13'),
(376,9,'Pullman',1,1,'B2.14'),
(377,9,'Pullman',1,1,'B2.15'),
(378,9,'Pullman',1,1,'C2.2'),
(379,9,'Pullman',1,1,'C2.3'),
(380,9,'Pullman',1,1,'C2.4'),
(381,9,'Pullman',1,1,'C2.5'),
(382,9,'Pullman',1,1,'C2.6'),
(383,9,'Pullman',1,1,'C2.7'),
(384,9,'Pullman',1,1,'C2.8'),
(385,9,'Pullman',1,1,'C2.9'),
(386,9,'Pullman',1,1,'C2.10'),
(387,9,'Pullman',1,1,'C2.11'),
(388,9,'Pullman',1,1,'C2.12'),
(389,9,'Pullman',1,1,'C2.13'),
(390,9,'Pullman',1,1,'C2.14'),
(391,9,'Pullman',1,1,'C2.15'),
(392,9,'Pullman',1,1,'D2.2'),
(393,9,'Pullman',1,1,'D2.3'),
(400,10,'Cabine 8 places Homme',1,1,'302.12A'),
(401,10,'Cabine 8 places Homme',1,1,'302.12B'),
(402,10,'Cabine 8 places Homme',1,1,'302.12C'),
(403,10,'Cabine 8 places Homme',1,1,'302.12D'),
(404,10,'Cabine 8 places Homme',1,1,'302.12E'),
(405,10,'Cabine 8 places Homme',1,1,'302.12F'),
(406,10,'Cabine 8 places Homme',1,1,'302.12G'),
(407,10,'Cabine 8 places Homme',1,1,'302.12H'),
(408,10,'Cabine 8 places Femme',1,1,'302.15A'),
(409,10,'Cabine 8 places Femme',1,1,'302.15B'),
(410,10,'Cabine 8 places Femme',1,1,'302.15C'),
(411,10,'Cabine 8 places Femme',1,1,'302.15D'),
(412,10,'Cabine 8 places Femme',1,1,'302.15E'),
(413,10,'Cabine 8 places Femme',1,1,'302.15F'),
(414,10,'Cabine 8 places Femme',1,1,'302.15G'),
(415,10,'Cabine 8 places Femme',1,1,'302.15H'),
(416,10,'Pullman',1,1,'A2.6'),
(417,10,'Pullman',1,1,'A2.7'),
(418,10,'Pullman',1,1,'A2.8'),
(419,10,'Pullman',1,1,'A2.9'),
(420,10,'Pullman',1,1,'B2.2'),
(421,10,'Pullman',1,1,'B2.3'),
(422,10,'Pullman',1,1,'B2.4'),
(423,10,'Pullman',1,1,'B2.5'),
(424,10,'Pullman',1,1,'B2.6'),
(425,10,'Pullman',1,1,'B2.7'),
(426,10,'Pullman',1,1,'B2.8'),
(427,10,'Pullman',1,1,'B2.9'),
(428,10,'Pullman',1,1,'B2.10'),
(429,10,'Pullman',1,1,'B2.11'),
(430,10,'Pullman',1,1,'B2.12'),
(431,10,'Pullman',1,1,'B2.13'),
(432,10,'Pullman',1,1,'B2.14'),
(433,10,'Pullman',1,1,'B2.15'),
(434,10,'Pullman',1,1,'C2.2'),
(435,10,'Pullman',1,1,'C2.3'),
(436,10,'Pullman',1,1,'C2.4'),
(437,10,'Pullman',1,1,'C2.5'),
(438,10,'Pullman',1,1,'C2.6'),
(439,10,'Pullman',1,1,'C2.7'),
(440,10,'Pullman',1,1,'C2.8'),
(441,10,'Pullman',1,1,'C2.9'),
(442,10,'Pullman',1,1,'C2.10'),
(443,10,'Pullman',1,1,'C2.11'),
(444,10,'Pullman',1,1,'C2.12'),
(445,10,'Pullman',1,1,'C2.13'),
(446,10,'Pullman',1,1,'C2.14'),
(447,10,'Pullman',1,1,'C2.15'),
(448,10,'Pullman',1,1,'D2.2'),
(449,10,'Pullman',1,1,'D2.3'),
(456,11,'Cabine 8 places Homme',1,1,'302.12A'),
(457,11,'Cabine 8 places Homme',1,1,'302.12B'),
(458,11,'Cabine 8 places Homme',1,1,'302.12C'),
(459,11,'Cabine 8 places Homme',1,1,'302.12D'),
(460,11,'Cabine 8 places Homme',1,1,'302.12E'),
(461,11,'Cabine 8 places Homme',1,1,'302.12F'),
(462,11,'Cabine 8 places Homme',1,1,'302.12G'),
(463,11,'Cabine 8 places Homme',1,1,'302.12H'),
(464,11,'Cabine 8 places Femme',1,1,'302.15A'),
(465,11,'Cabine 8 places Femme',1,1,'302.15B'),
(466,11,'Cabine 8 places Femme',1,1,'302.15C'),
(467,11,'Cabine 8 places Femme',1,1,'302.15D'),
(468,11,'Cabine 8 places Femme',1,1,'302.15E'),
(469,11,'Cabine 8 places Femme',1,1,'302.15F'),
(470,11,'Cabine 8 places Femme',1,1,'302.15G'),
(471,11,'Cabine 8 places Femme',1,1,'302.15H'),
(472,11,'Pullman',1,1,'A2.6'),
(473,11,'Pullman',1,1,'A2.7'),
(474,11,'Pullman',1,1,'A2.8'),
(475,11,'Pullman',1,1,'A2.9'),
(476,11,'Pullman',1,1,'B2.2'),
(477,11,'Pullman',1,1,'B2.3'),
(478,11,'Pullman',1,1,'B2.4'),
(479,11,'Pullman',1,1,'B2.5'),
(480,11,'Pullman',1,1,'B2.6'),
(481,11,'Pullman',1,1,'B2.7'),
(482,11,'Pullman',1,1,'B2.8'),
(483,11,'Pullman',1,1,'B2.9'),
(484,11,'Pullman',1,1,'B2.10'),
(485,11,'Pullman',1,1,'B2.11'),
(486,11,'Pullman',1,1,'B2.12'),
(487,11,'Pullman',1,1,'B2.13'),
(488,11,'Pullman',1,1,'B2.14'),
(489,11,'Pullman',1,1,'B2.15'),
(490,11,'Pullman',1,1,'C2.2'),
(491,11,'Pullman',1,1,'C2.3'),
(492,11,'Pullman',1,1,'C2.4'),
(493,11,'Pullman',1,1,'C2.5'),
(494,11,'Pullman',1,1,'C2.6'),
(495,11,'Pullman',1,1,'C2.7'),
(496,11,'Pullman',1,1,'C2.8'),
(497,11,'Pullman',1,1,'C2.9'),
(498,11,'Pullman',1,1,'C2.10'),
(499,11,'Pullman',1,1,'C2.11'),
(500,11,'Pullman',1,1,'C2.12'),
(501,11,'Pullman',1,1,'C2.13'),
(502,11,'Pullman',1,1,'C2.14'),
(503,11,'Pullman',1,1,'C2.15'),
(504,11,'Pullman',1,1,'D2.2'),
(505,11,'Pullman',1,1,'D2.3'),
(506,12,'Cabine 8 places Homme',1,1,'302.12A'),
(507,12,'Cabine 8 places Homme',1,1,'302.12B'),
(508,12,'Cabine 8 places Homme',1,1,'302.12C'),
(509,12,'Cabine 8 places Homme',1,1,'302.12D'),
(510,12,'Cabine 8 places Homme',1,1,'302.12E'),
(511,12,'Cabine 8 places Homme',1,1,'302.12F'),
(512,12,'Cabine 8 places Homme',1,1,'302.12G'),
(513,12,'Cabine 8 places Homme',1,1,'302.12H'),
(514,12,'Cabine 8 places Femme',1,1,'302.15A'),
(515,12,'Cabine 8 places Femme',1,1,'302.15B'),
(516,12,'Cabine 8 places Femme',1,1,'302.15C'),
(517,12,'Cabine 8 places Femme',1,1,'302.15D'),
(518,12,'Cabine 8 places Femme',1,1,'302.15E'),
(519,12,'Cabine 8 places Femme',1,1,'302.15F'),
(520,12,'Cabine 8 places Femme',1,1,'302.15G'),
(521,12,'Cabine 8 places Femme',1,1,'302.15H'),
(522,12,'Pullman',1,1,'A2.6'),
(523,12,'Pullman',1,1,'A2.7'),
(524,12,'Pullman',1,1,'A2.8'),
(525,12,'Pullman',1,1,'A2.9'),
(526,12,'Pullman',1,1,'B2.2'),
(527,12,'Pullman',1,1,'B2.3'),
(528,12,'Pullman',1,1,'B2.4'),
(529,12,'Pullman',1,1,'B2.5'),
(530,12,'Pullman',1,1,'B2.6'),
(531,12,'Pullman',1,1,'B2.7'),
(532,12,'Pullman',1,1,'B2.8'),
(533,12,'Pullman',1,1,'B2.9'),
(534,12,'Pullman',1,1,'B2.10'),
(535,12,'Pullman',1,1,'B2.11'),
(536,12,'Pullman',1,1,'B2.12'),
(537,12,'Pullman',1,1,'B2.13'),
(538,12,'Pullman',1,1,'B2.14'),
(539,12,'Pullman',1,1,'B2.15'),
(540,12,'Pullman',1,1,'C2.2'),
(541,12,'Pullman',1,1,'C2.3'),
(542,12,'Pullman',1,1,'C2.4'),
(543,12,'Pullman',1,1,'C2.5'),
(544,12,'Pullman',1,1,'C2.6'),
(545,12,'Pullman',1,1,'C2.7'),
(546,12,'Pullman',1,1,'C2.8'),
(547,12,'Pullman',1,1,'C2.9'),
(548,12,'Pullman',1,1,'C2.10'),
(549,12,'Pullman',1,1,'C2.11'),
(550,12,'Pullman',1,1,'C2.12'),
(551,12,'Pullman',1,1,'C2.13'),
(552,12,'Pullman',1,1,'C2.14'),
(553,12,'Pullman',1,1,'C2.15'),
(554,12,'Pullman',1,1,'D2.2'),
(555,12,'Pullman',1,1,'D2.3'),
(556,13,'Cabine 8 places Homme',1,1,'302.12A'),
(557,13,'Cabine 8 places Homme',1,1,'302.12B'),
(558,13,'Cabine 8 places Homme',1,1,'302.12C'),
(559,13,'Cabine 8 places Homme',1,1,'302.12D'),
(560,13,'Cabine 8 places Homme',1,1,'302.12E'),
(561,13,'Cabine 8 places Homme',1,1,'302.12F'),
(562,13,'Cabine 8 places Homme',1,1,'302.12G'),
(563,13,'Cabine 8 places Homme',1,1,'302.12H'),
(564,13,'Cabine 8 places Femme',1,1,'302.15A'),
(565,13,'Cabine 8 places Femme',1,1,'302.15B'),
(566,13,'Cabine 8 places Femme',1,1,'302.15C'),
(567,13,'Cabine 8 places Femme',1,1,'302.15D'),
(568,13,'Cabine 8 places Femme',1,1,'302.15E'),
(569,13,'Cabine 8 places Femme',1,1,'302.15F'),
(570,13,'Cabine 8 places Femme',1,1,'302.15G'),
(571,13,'Cabine 8 places Femme',1,1,'302.15H'),
(572,13,'Pullman',1,1,'A2.6'),
(573,13,'Pullman',1,1,'A2.7'),
(574,13,'Pullman',1,1,'A2.8'),
(575,13,'Pullman',1,1,'A2.9'),
(576,13,'Pullman',1,1,'B2.2'),
(577,13,'Pullman',1,1,'B2.3'),
(578,13,'Pullman',1,1,'B2.4'),
(579,13,'Pullman',1,1,'B2.5'),
(580,13,'Pullman',1,1,'B2.6'),
(581,13,'Pullman',1,1,'B2.7'),
(582,13,'Pullman',1,1,'B2.8'),
(583,13,'Pullman',1,1,'B2.9'),
(584,13,'Pullman',1,1,'B2.10'),
(585,13,'Pullman',1,1,'B2.11'),
(586,13,'Pullman',1,1,'B2.12'),
(587,13,'Pullman',1,1,'B2.13'),
(588,13,'Pullman',1,1,'B2.14'),
(589,13,'Pullman',1,1,'B2.15'),
(590,13,'Pullman',1,1,'C2.2'),
(591,13,'Pullman',1,1,'C2.3'),
(592,13,'Pullman',1,1,'C2.4'),
(593,13,'Pullman',1,1,'C2.5'),
(594,13,'Pullman',1,1,'C2.6'),
(595,13,'Pullman',1,1,'C2.7'),
(596,13,'Pullman',1,1,'C2.8'),
(597,13,'Pullman',1,1,'C2.9'),
(598,13,'Pullman',1,1,'C2.10'),
(599,13,'Pullman',1,1,'C2.11'),
(600,13,'Pullman',1,1,'C2.12'),
(601,13,'Pullman',1,1,'C2.13'),
(602,13,'Pullman',1,1,'C2.14'),
(603,13,'Pullman',1,1,'C2.15'),
(604,13,'Pullman',1,1,'D2.2'),
(605,13,'Pullman',1,1,'D2.3'),
(606,14,'Cabine 8 places Homme',1,1,'302.12A'),
(607,14,'Cabine 8 places Homme',1,1,'302.12B'),
(608,14,'Cabine 8 places Homme',1,1,'302.12C'),
(609,14,'Cabine 8 places Homme',1,1,'302.12D'),
(610,14,'Cabine 8 places Homme',1,1,'302.12E'),
(611,14,'Cabine 8 places Homme',1,1,'302.12F'),
(612,14,'Cabine 8 places Homme',1,1,'302.12G'),
(613,14,'Cabine 8 places Homme',1,1,'302.12H'),
(614,14,'Cabine 8 places Femme',1,1,'302.15A'),
(615,14,'Cabine 8 places Femme',1,1,'302.15B'),
(616,14,'Cabine 8 places Femme',1,1,'302.15C'),
(617,14,'Cabine 8 places Femme',1,1,'302.15D'),
(618,14,'Cabine 8 places Femme',1,1,'302.15E'),
(619,14,'Cabine 8 places Femme',1,1,'302.15F'),
(620,14,'Cabine 8 places Femme',1,1,'302.15G'),
(621,14,'Cabine 8 places Femme',1,1,'302.15H'),
(622,14,'Pullman',1,1,'A2.6'),
(623,14,'Pullman',1,1,'A2.7'),
(624,14,'Pullman',1,1,'A2.8'),
(625,14,'Pullman',1,1,'A2.9'),
(626,14,'Pullman',1,1,'B2.2'),
(627,14,'Pullman',1,1,'B2.3'),
(628,14,'Pullman',1,1,'B2.4'),
(629,14,'Pullman',1,1,'B2.5'),
(630,14,'Pullman',1,1,'B2.6'),
(631,14,'Pullman',1,1,'B2.7'),
(632,14,'Pullman',1,1,'B2.8'),
(633,14,'Pullman',1,1,'B2.9'),
(634,14,'Pullman',1,1,'B2.10'),
(635,14,'Pullman',1,1,'B2.11'),
(636,14,'Pullman',1,1,'B2.12'),
(637,14,'Pullman',1,1,'B2.13'),
(638,14,'Pullman',1,1,'B2.14'),
(639,14,'Pullman',1,1,'B2.15'),
(640,14,'Pullman',1,1,'C2.2'),
(641,14,'Pullman',1,1,'C2.3'),
(642,14,'Pullman',1,1,'C2.4'),
(643,14,'Pullman',1,1,'C2.5'),
(644,14,'Pullman',1,1,'C2.6'),
(645,14,'Pullman',1,1,'C2.7'),
(646,14,'Pullman',1,1,'C2.8'),
(647,14,'Pullman',1,1,'C2.9'),
(648,14,'Pullman',1,1,'C2.10'),
(649,14,'Pullman',1,1,'C2.11'),
(650,14,'Pullman',1,1,'C2.12'),
(651,14,'Pullman',1,1,'C2.13'),
(652,14,'Pullman',1,1,'C2.14'),
(653,14,'Pullman',1,1,'C2.15'),
(654,14,'Pullman',1,1,'D2.2'),
(655,14,'Pullman',1,1,'D2.3'),
(656,15,'Cabine 8 places Homme',1,1,'302.12A'),
(657,15,'Cabine 8 places Homme',1,1,'302.12B'),
(658,15,'Cabine 8 places Homme',1,1,'302.12C'),
(659,15,'Cabine 8 places Homme',1,1,'302.12D'),
(660,15,'Cabine 8 places Homme',1,1,'302.12E'),
(661,15,'Cabine 8 places Homme',1,1,'302.12F'),
(662,15,'Cabine 8 places Homme',1,1,'302.12G'),
(663,15,'Cabine 8 places Homme',1,1,'302.12H'),
(664,15,'Cabine 8 places Femme',1,1,'302.15A'),
(665,15,'Cabine 8 places Femme',1,1,'302.15B'),
(666,15,'Cabine 8 places Femme',1,1,'302.15C'),
(667,15,'Cabine 8 places Femme',1,1,'302.15D'),
(668,15,'Cabine 8 places Femme',1,1,'302.15E'),
(669,15,'Cabine 8 places Femme',1,1,'302.15F'),
(670,15,'Cabine 8 places Femme',1,1,'302.15G'),
(671,15,'Cabine 8 places Femme',1,1,'302.15H'),
(672,15,'Pullman',1,1,'A2.6'),
(673,15,'Pullman',1,1,'A2.7'),
(674,15,'Pullman',1,1,'A2.8'),
(675,15,'Pullman',1,1,'A2.9'),
(676,15,'Pullman',1,1,'B2.2'),
(677,15,'Pullman',1,1,'B2.3'),
(678,15,'Pullman',1,1,'B2.4'),
(679,15,'Pullman',1,1,'B2.5'),
(680,15,'Pullman',1,1,'B2.6'),
(681,15,'Pullman',1,1,'B2.7'),
(682,15,'Pullman',1,1,'B2.8'),
(683,15,'Pullman',1,1,'B2.9'),
(684,15,'Pullman',1,1,'B2.10'),
(685,15,'Pullman',1,1,'B2.11'),
(686,15,'Pullman',1,1,'B2.12'),
(687,15,'Pullman',1,1,'B2.13'),
(688,15,'Pullman',1,1,'B2.14'),
(689,15,'Pullman',1,1,'B2.15'),
(690,15,'Pullman',1,1,'C2.2'),
(691,15,'Pullman',1,1,'C2.3'),
(692,15,'Pullman',1,1,'C2.4'),
(693,15,'Pullman',1,1,'C2.5'),
(694,15,'Pullman',1,1,'C2.6'),
(695,15,'Pullman',1,1,'C2.7'),
(696,15,'Pullman',1,1,'C2.8'),
(697,15,'Pullman',1,1,'C2.9'),
(698,15,'Pullman',1,1,'C2.10'),
(699,15,'Pullman',1,1,'C2.11'),
(700,15,'Pullman',1,1,'C2.12'),
(701,15,'Pullman',1,1,'C2.13'),
(702,15,'Pullman',1,1,'C2.14'),
(703,15,'Pullman',1,1,'C2.15'),
(704,15,'Pullman',1,1,'D2.2'),
(705,15,'Pullman',1,1,'D2.3'),
(706,16,'Cabine 8 places Homme',1,1,'302.12A'),
(707,16,'Cabine 8 places Homme',1,1,'302.12B'),
(708,16,'Cabine 8 places Homme',1,1,'302.12C'),
(709,16,'Cabine 8 places Homme',1,1,'302.12D'),
(710,16,'Cabine 8 places Homme',1,1,'302.12E'),
(711,16,'Cabine 8 places Homme',1,1,'302.12F'),
(712,16,'Cabine 8 places Homme',1,1,'302.12G'),
(713,16,'Cabine 8 places Homme',1,1,'302.12H'),
(714,16,'Cabine 8 places Femme',1,1,'302.15A'),
(715,16,'Cabine 8 places Femme',1,1,'302.15B'),
(716,16,'Cabine 8 places Femme',1,1,'302.15C'),
(717,16,'Cabine 8 places Femme',1,1,'302.15D'),
(718,16,'Cabine 8 places Femme',1,1,'302.15E'),
(719,16,'Cabine 8 places Femme',1,1,'302.15F'),
(720,16,'Cabine 8 places Femme',1,1,'302.15G'),
(721,16,'Cabine 8 places Femme',1,1,'302.15H'),
(722,16,'Pullman',1,1,'A2.6'),
(723,16,'Pullman',1,1,'A2.7'),
(724,16,'Pullman',1,1,'A2.8'),
(725,16,'Pullman',1,1,'A2.9'),
(726,16,'Pullman',1,1,'B2.2'),
(727,16,'Pullman',1,1,'B2.3'),
(728,16,'Pullman',1,1,'B2.4'),
(729,16,'Pullman',1,1,'B2.5'),
(730,16,'Pullman',1,1,'B2.6'),
(731,16,'Pullman',1,1,'B2.7'),
(732,16,'Pullman',1,1,'B2.8'),
(733,16,'Pullman',1,1,'B2.9'),
(734,16,'Pullman',1,1,'B2.10'),
(735,16,'Pullman',1,1,'B2.11'),
(736,16,'Pullman',1,1,'B2.12'),
(737,16,'Pullman',1,1,'B2.13'),
(738,16,'Pullman',1,1,'B2.14'),
(739,16,'Pullman',1,1,'B2.15'),
(740,16,'Pullman',1,1,'C2.2'),
(741,16,'Pullman',1,1,'C2.3'),
(742,16,'Pullman',1,1,'C2.4'),
(743,16,'Pullman',1,1,'C2.5'),
(744,16,'Pullman',1,1,'C2.6'),
(745,16,'Pullman',1,1,'C2.7'),
(746,16,'Pullman',1,1,'C2.8'),
(747,16,'Pullman',1,1,'C2.9'),
(748,16,'Pullman',1,1,'C2.10'),
(749,16,'Pullman',1,1,'C2.11'),
(750,16,'Pullman',1,1,'C2.12'),
(751,16,'Pullman',1,1,'C2.13'),
(752,16,'Pullman',1,1,'C2.14'),
(753,16,'Pullman',1,1,'C2.15'),
(754,16,'Pullman',1,1,'D2.2'),
(755,16,'Pullman',1,1,'D2.3'),
(756,17,'Cabine 8 places Homme',1,1,'302.12A'),
(757,17,'Cabine 8 places Homme',1,1,'302.12B'),
(758,17,'Cabine 8 places Homme',1,1,'302.12C'),
(759,17,'Cabine 8 places Homme',1,1,'302.12D'),
(760,17,'Cabine 8 places Homme',1,1,'302.12E'),
(761,17,'Cabine 8 places Homme',1,1,'302.12F'),
(762,17,'Cabine 8 places Homme',1,1,'302.12G'),
(763,17,'Cabine 8 places Homme',1,1,'302.12H'),
(764,17,'Cabine 8 places Femme',1,1,'302.15A'),
(765,17,'Cabine 8 places Femme',1,1,'302.15B'),
(766,17,'Cabine 8 places Femme',1,1,'302.15C'),
(767,17,'Cabine 8 places Femme',1,1,'302.15D'),
(768,17,'Cabine 8 places Femme',1,1,'302.15E'),
(769,17,'Cabine 8 places Femme',1,1,'302.15F'),
(770,17,'Cabine 8 places Femme',1,1,'302.15G'),
(771,17,'Cabine 8 places Femme',1,1,'302.15H'),
(772,17,'Pullman',1,1,'A2.6'),
(773,17,'Pullman',1,1,'A2.7'),
(774,17,'Pullman',1,1,'A2.8'),
(775,17,'Pullman',1,1,'A2.9'),
(776,17,'Pullman',1,1,'B2.2'),
(777,17,'Pullman',1,1,'B2.3'),
(778,17,'Pullman',1,1,'B2.4'),
(779,17,'Pullman',1,1,'B2.5'),
(780,17,'Pullman',1,1,'B2.6'),
(781,17,'Pullman',1,1,'B2.7'),
(782,17,'Pullman',1,1,'B2.8'),
(783,17,'Pullman',1,1,'B2.9'),
(784,17,'Pullman',1,1,'B2.10'),
(785,17,'Pullman',1,1,'B2.11'),
(786,17,'Pullman',1,1,'B2.12'),
(787,17,'Pullman',1,1,'B2.13'),
(788,17,'Pullman',1,1,'B2.14'),
(789,17,'Pullman',1,1,'B2.15'),
(790,17,'Pullman',1,1,'C2.2'),
(791,17,'Pullman',1,1,'C2.3'),
(792,17,'Pullman',1,1,'C2.4'),
(793,17,'Pullman',1,1,'C2.5'),
(794,17,'Pullman',1,1,'C2.6'),
(795,17,'Pullman',1,1,'C2.7'),
(796,17,'Pullman',1,1,'C2.8'),
(797,17,'Pullman',1,1,'C2.9'),
(798,17,'Pullman',1,1,'C2.10'),
(799,17,'Pullman',1,1,'C2.11'),
(800,17,'Pullman',1,1,'C2.12'),
(801,17,'Pullman',1,1,'C2.13'),
(802,17,'Pullman',1,1,'C2.14'),
(803,17,'Pullman',1,1,'C2.15'),
(804,17,'Pullman',1,1,'D2.2'),
(805,17,'Pullman',1,1,'D2.3'),
(806,18,'Cabine 8 places Homme',1,1,'302.12A'),
(807,18,'Cabine 8 places Homme',1,1,'302.12B'),
(808,18,'Cabine 8 places Homme',1,1,'302.12C'),
(809,18,'Cabine 8 places Homme',1,1,'302.12D'),
(810,18,'Cabine 8 places Homme',1,1,'302.12E'),
(811,18,'Cabine 8 places Homme',1,1,'302.12F'),
(812,18,'Cabine 8 places Homme',1,1,'302.12G'),
(813,18,'Cabine 8 places Homme',1,1,'302.12H'),
(814,18,'Cabine 8 places Femme',1,1,'302.15A'),
(815,18,'Cabine 8 places Femme',1,1,'302.15B'),
(816,18,'Cabine 8 places Femme',1,1,'302.15C'),
(817,18,'Cabine 8 places Femme',1,1,'302.15D'),
(818,18,'Cabine 8 places Femme',1,1,'302.15E'),
(819,18,'Cabine 8 places Femme',1,1,'302.15F'),
(820,18,'Cabine 8 places Femme',1,1,'302.15G'),
(821,18,'Cabine 8 places Femme',1,1,'302.15H'),
(822,18,'Pullman',1,1,'A2.6'),
(823,18,'Pullman',1,1,'A2.7'),
(824,18,'Pullman',1,1,'A2.8'),
(825,18,'Pullman',1,1,'A2.9'),
(826,18,'Pullman',1,1,'B2.2'),
(827,18,'Pullman',1,1,'B2.3'),
(828,18,'Pullman',1,1,'B2.4'),
(829,18,'Pullman',1,1,'B2.5'),
(830,18,'Pullman',1,1,'B2.6'),
(831,18,'Pullman',1,1,'B2.7'),
(832,18,'Pullman',1,1,'B2.8'),
(833,18,'Pullman',1,1,'B2.9'),
(834,18,'Pullman',1,1,'B2.10'),
(835,18,'Pullman',1,1,'B2.11'),
(836,18,'Pullman',1,1,'B2.12'),
(837,18,'Pullman',1,1,'B2.13'),
(838,18,'Pullman',1,1,'B2.14'),
(839,18,'Pullman',1,1,'B2.15'),
(840,18,'Pullman',1,1,'C2.2'),
(841,18,'Pullman',1,1,'C2.3'),
(842,18,'Pullman',1,1,'C2.4'),
(843,18,'Pullman',1,1,'C2.5'),
(844,18,'Pullman',1,1,'C2.6'),
(845,18,'Pullman',1,1,'C2.7'),
(846,18,'Pullman',1,1,'C2.8'),
(847,18,'Pullman',1,1,'C2.9'),
(848,18,'Pullman',1,1,'C2.10'),
(849,18,'Pullman',1,1,'C2.11'),
(850,18,'Pullman',1,1,'C2.12'),
(851,18,'Pullman',1,1,'C2.13'),
(852,18,'Pullman',1,1,'C2.14'),
(853,18,'Pullman',1,1,'C2.15'),
(854,18,'Pullman',1,1,'D2.2'),
(855,18,'Pullman',1,1,'D2.3'),
(856,19,'Cabine 8 places Homme',1,1,'302.12A'),
(857,19,'Cabine 8 places Homme',1,1,'302.12B'),
(858,19,'Cabine 8 places Homme',1,1,'302.12C'),
(859,19,'Cabine 8 places Homme',1,1,'302.12D'),
(860,19,'Cabine 8 places Homme',1,1,'302.12E'),
(861,19,'Cabine 8 places Homme',1,1,'302.12F'),
(862,19,'Cabine 8 places Homme',1,1,'302.12G'),
(863,19,'Cabine 8 places Homme',1,1,'302.12H'),
(864,19,'Cabine 8 places Femme',1,1,'302.15A'),
(865,19,'Cabine 8 places Femme',1,1,'302.15B'),
(866,19,'Cabine 8 places Femme',1,1,'302.15C'),
(867,19,'Cabine 8 places Femme',1,1,'302.15D'),
(868,19,'Cabine 8 places Femme',1,1,'302.15E'),
(869,19,'Cabine 8 places Femme',1,1,'302.15F'),
(870,19,'Cabine 8 places Femme',1,1,'302.15G'),
(871,19,'Cabine 8 places Femme',1,1,'302.15H'),
(872,19,'Pullman',1,1,'A2.6'),
(873,19,'Pullman',1,1,'A2.7'),
(874,19,'Pullman',1,1,'A2.8'),
(875,19,'Pullman',1,1,'A2.9'),
(876,19,'Pullman',1,1,'B2.2'),
(877,19,'Pullman',1,1,'B2.3'),
(878,19,'Pullman',1,1,'B2.4'),
(879,19,'Pullman',1,1,'B2.5'),
(880,19,'Pullman',1,1,'B2.6'),
(881,19,'Pullman',1,1,'B2.7'),
(882,19,'Pullman',1,1,'B2.8'),
(883,19,'Pullman',1,1,'B2.9'),
(884,19,'Pullman',1,1,'B2.10'),
(885,19,'Pullman',1,1,'B2.11'),
(886,19,'Pullman',1,1,'B2.12'),
(887,19,'Pullman',1,1,'B2.13'),
(888,19,'Pullman',1,1,'B2.14'),
(889,19,'Pullman',1,1,'B2.15'),
(890,19,'Pullman',1,1,'C2.2'),
(891,19,'Pullman',1,1,'C2.3'),
(892,19,'Pullman',1,1,'C2.4'),
(893,19,'Pullman',1,1,'C2.5'),
(894,19,'Pullman',1,1,'C2.6'),
(895,19,'Pullman',1,1,'C2.7'),
(896,19,'Pullman',1,1,'C2.8'),
(897,19,'Pullman',1,1,'C2.9'),
(898,19,'Pullman',1,1,'C2.10'),
(899,19,'Pullman',1,1,'C2.11'),
(900,19,'Pullman',1,1,'C2.12'),
(901,19,'Pullman',1,1,'C2.13'),
(902,19,'Pullman',1,1,'C2.14'),
(903,19,'Pullman',1,1,'C2.15'),
(904,19,'Pullman',1,1,'D2.2'),
(905,19,'Pullman',1,1,'D2.3'),
(906,20,'Cabine 8 places Homme',1,1,'302.12A'),
(907,20,'Cabine 8 places Homme',1,1,'302.12B'),
(908,20,'Cabine 8 places Homme',1,1,'302.12C'),
(909,20,'Cabine 8 places Homme',1,1,'302.12D'),
(910,20,'Cabine 8 places Homme',1,1,'302.12E'),
(911,20,'Cabine 8 places Homme',1,1,'302.12F'),
(912,20,'Cabine 8 places Homme',1,1,'302.12G'),
(913,20,'Cabine 8 places Homme',1,1,'302.12H'),
(914,20,'Cabine 8 places Femme',1,1,'302.15A'),
(915,20,'Cabine 8 places Femme',1,1,'302.15B'),
(916,20,'Cabine 8 places Femme',1,1,'302.15C'),
(917,20,'Cabine 8 places Femme',1,1,'302.15D'),
(918,20,'Cabine 8 places Femme',1,1,'302.15E'),
(919,20,'Cabine 8 places Femme',1,1,'302.15F'),
(920,20,'Cabine 8 places Femme',1,1,'302.15G'),
(921,20,'Cabine 8 places Femme',1,1,'302.15H'),
(922,20,'Pullman',1,1,'A2.6'),
(923,20,'Pullman',1,1,'A2.7'),
(924,20,'Pullman',1,1,'A2.8'),
(925,20,'Pullman',1,1,'A2.9'),
(926,20,'Pullman',1,1,'B2.2'),
(927,20,'Pullman',1,1,'B2.3'),
(928,20,'Pullman',1,1,'B2.4'),
(929,20,'Pullman',1,1,'B2.5'),
(930,20,'Pullman',1,1,'B2.6'),
(931,20,'Pullman',1,1,'B2.7'),
(932,20,'Pullman',1,1,'B2.8'),
(933,20,'Pullman',1,1,'B2.9'),
(934,20,'Pullman',1,1,'B2.10'),
(935,20,'Pullman',1,1,'B2.11'),
(936,20,'Pullman',1,1,'B2.12'),
(937,20,'Pullman',1,1,'B2.13'),
(938,20,'Pullman',1,1,'B2.14'),
(939,20,'Pullman',1,1,'B2.15'),
(940,20,'Pullman',1,1,'C2.2'),
(941,20,'Pullman',1,1,'C2.3'),
(942,20,'Pullman',1,1,'C2.4'),
(943,20,'Pullman',1,1,'C2.5'),
(944,20,'Pullman',1,1,'C2.6'),
(945,20,'Pullman',1,1,'C2.7'),
(946,20,'Pullman',1,1,'C2.8'),
(947,20,'Pullman',1,1,'C2.9'),
(948,20,'Pullman',1,1,'C2.10'),
(949,20,'Pullman',1,1,'C2.11'),
(950,20,'Pullman',1,1,'C2.12'),
(951,20,'Pullman',1,1,'C2.13'),
(952,20,'Pullman',1,1,'C2.14'),
(953,20,'Pullman',1,1,'C2.15'),
(954,20,'Pullman',1,1,'D2.2'),
(955,20,'Pullman',1,1,'D2.3'),
(956,21,'Cabine 8 places Homme',1,1,'302.12A'),
(957,21,'Cabine 8 places Homme',1,1,'302.12B'),
(958,21,'Cabine 8 places Homme',1,1,'302.12C'),
(959,21,'Cabine 8 places Homme',1,1,'302.12D'),
(960,21,'Cabine 8 places Homme',1,1,'302.12E'),
(961,21,'Cabine 8 places Homme',1,1,'302.12F'),
(962,21,'Cabine 8 places Homme',1,1,'302.12G'),
(963,21,'Cabine 8 places Homme',1,1,'302.12H'),
(964,21,'Cabine 8 places Femme',1,1,'302.15A'),
(965,21,'Cabine 8 places Femme',1,1,'302.15B'),
(966,21,'Cabine 8 places Femme',1,1,'302.15C'),
(967,21,'Cabine 8 places Femme',1,1,'302.15D'),
(968,21,'Cabine 8 places Femme',1,1,'302.15E'),
(969,21,'Cabine 8 places Femme',1,1,'302.15F'),
(970,21,'Cabine 8 places Femme',1,1,'302.15G'),
(971,21,'Cabine 8 places Femme',1,1,'302.15H'),
(972,21,'Pullman',1,1,'A2.6'),
(973,21,'Pullman',1,1,'A2.7'),
(974,21,'Pullman',1,1,'A2.8'),
(975,21,'Pullman',1,1,'A2.9'),
(976,21,'Pullman',1,1,'B2.2'),
(977,21,'Pullman',1,1,'B2.3'),
(978,21,'Pullman',1,1,'B2.4'),
(979,21,'Pullman',1,1,'B2.5'),
(980,21,'Pullman',1,1,'B2.6'),
(981,21,'Pullman',1,1,'B2.7'),
(982,21,'Pullman',1,1,'B2.8'),
(983,21,'Pullman',1,1,'B2.9'),
(984,21,'Pullman',1,1,'B2.10'),
(985,21,'Pullman',1,1,'B2.11'),
(986,21,'Pullman',1,1,'B2.12'),
(987,21,'Pullman',1,1,'B2.13'),
(988,21,'Pullman',1,1,'B2.14'),
(989,21,'Pullman',1,1,'B2.15'),
(990,21,'Pullman',1,1,'C2.2'),
(991,21,'Pullman',1,1,'C2.3'),
(992,21,'Pullman',1,1,'C2.4'),
(993,21,'Pullman',1,1,'C2.5'),
(994,21,'Pullman',1,1,'C2.6'),
(995,21,'Pullman',1,1,'C2.7'),
(996,21,'Pullman',1,1,'C2.8'),
(997,21,'Pullman',1,1,'C2.9'),
(998,21,'Pullman',1,1,'C2.10'),
(999,21,'Pullman',1,1,'C2.11'),
(1000,21,'Pullman',1,1,'C2.12'),
(1001,21,'Pullman',1,1,'C2.13'),
(1002,21,'Pullman',1,1,'C2.14'),
(1003,21,'Pullman',1,1,'C2.15'),
(1004,21,'Pullman',1,1,'D2.2'),
(1005,21,'Pullman',1,1,'D2.3'),
(1006,22,'Cabine 8 places Homme',1,1,'302.12A'),
(1007,22,'Cabine 8 places Homme',1,1,'302.12B'),
(1008,22,'Cabine 8 places Homme',1,1,'302.12C'),
(1009,22,'Cabine 8 places Homme',1,1,'302.12D'),
(1010,22,'Cabine 8 places Homme',1,1,'302.12E'),
(1011,22,'Cabine 8 places Homme',1,1,'302.12F'),
(1012,22,'Cabine 8 places Homme',1,1,'302.12G'),
(1013,22,'Cabine 8 places Homme',1,1,'302.12H'),
(1014,22,'Cabine 8 places Femme',1,1,'302.15A'),
(1015,22,'Cabine 8 places Femme',1,1,'302.15B'),
(1016,22,'Cabine 8 places Femme',1,1,'302.15C'),
(1017,22,'Cabine 8 places Femme',1,1,'302.15D'),
(1018,22,'Cabine 8 places Femme',1,1,'302.15E'),
(1019,22,'Cabine 8 places Femme',1,1,'302.15F'),
(1020,22,'Cabine 8 places Femme',1,1,'302.15G'),
(1021,22,'Cabine 8 places Femme',1,1,'302.15H'),
(1022,22,'Pullman',1,1,'A2.6'),
(1023,22,'Pullman',1,1,'A2.7'),
(1024,22,'Pullman',1,1,'A2.8'),
(1025,22,'Pullman',1,1,'A2.9'),
(1026,22,'Pullman',1,1,'B2.2'),
(1027,22,'Pullman',1,1,'B2.3'),
(1028,22,'Pullman',1,1,'B2.4'),
(1029,22,'Pullman',1,1,'B2.5'),
(1030,22,'Pullman',1,1,'B2.6'),
(1031,22,'Pullman',1,1,'B2.7'),
(1032,22,'Pullman',1,1,'B2.8'),
(1033,22,'Pullman',1,1,'B2.9'),
(1034,22,'Pullman',1,1,'B2.10'),
(1035,22,'Pullman',1,1,'B2.11'),
(1036,22,'Pullman',1,1,'B2.12'),
(1037,22,'Pullman',1,1,'B2.13'),
(1038,22,'Pullman',1,1,'B2.14'),
(1039,22,'Pullman',1,1,'B2.15'),
(1040,22,'Pullman',1,1,'C2.2'),
(1041,22,'Pullman',1,1,'C2.3'),
(1042,22,'Pullman',1,1,'C2.4'),
(1043,22,'Pullman',1,1,'C2.5'),
(1044,22,'Pullman',1,1,'C2.6'),
(1045,22,'Pullman',1,1,'C2.7'),
(1046,22,'Pullman',1,1,'C2.8'),
(1047,22,'Pullman',1,1,'C2.9'),
(1048,22,'Pullman',1,1,'C2.10'),
(1049,22,'Pullman',1,1,'C2.11'),
(1050,22,'Pullman',1,1,'C2.12'),
(1051,22,'Pullman',1,1,'C2.13'),
(1052,22,'Pullman',1,1,'C2.14'),
(1053,22,'Pullman',1,1,'C2.15'),
(1054,22,'Pullman',1,1,'D2.2'),
(1055,22,'Pullman',1,1,'D2.3'),
(1056,23,'Cabine 8 places Homme',1,1,'302.12A'),
(1057,23,'Cabine 8 places Homme',1,1,'302.12B'),
(1058,23,'Cabine 8 places Homme',1,1,'302.12C'),
(1059,23,'Cabine 8 places Homme',1,1,'302.12D'),
(1060,23,'Cabine 8 places Homme',1,1,'302.12E'),
(1061,23,'Cabine 8 places Homme',1,1,'302.12F'),
(1062,23,'Cabine 8 places Homme',1,1,'302.12G'),
(1063,23,'Cabine 8 places Homme',1,1,'302.12H'),
(1064,23,'Cabine 8 places Femme',1,1,'302.15A'),
(1065,23,'Cabine 8 places Femme',1,1,'302.15B'),
(1066,23,'Cabine 8 places Femme',1,1,'302.15C'),
(1067,23,'Cabine 8 places Femme',1,1,'302.15D'),
(1068,23,'Cabine 8 places Femme',1,1,'302.15E'),
(1069,23,'Cabine 8 places Femme',1,1,'302.15F'),
(1070,23,'Cabine 8 places Femme',1,1,'302.15G'),
(1071,23,'Cabine 8 places Femme',1,1,'302.15H'),
(1072,23,'Pullman',1,1,'A2.6'),
(1073,23,'Pullman',1,1,'A2.7'),
(1074,23,'Pullman',1,1,'A2.8'),
(1075,23,'Pullman',1,1,'A2.9'),
(1076,23,'Pullman',1,1,'B2.2'),
(1077,23,'Pullman',1,1,'B2.3'),
(1078,23,'Pullman',1,1,'B2.4'),
(1079,23,'Pullman',1,1,'B2.5'),
(1080,23,'Pullman',1,1,'B2.6'),
(1081,23,'Pullman',1,1,'B2.7'),
(1082,23,'Pullman',1,1,'B2.8'),
(1083,23,'Pullman',1,1,'B2.9'),
(1084,23,'Pullman',1,1,'B2.10'),
(1085,23,'Pullman',1,1,'B2.11'),
(1086,23,'Pullman',1,1,'B2.12'),
(1087,23,'Pullman',1,1,'B2.13'),
(1088,23,'Pullman',1,1,'B2.14'),
(1089,23,'Pullman',1,1,'B2.15'),
(1090,23,'Pullman',1,1,'C2.2'),
(1091,23,'Pullman',1,1,'C2.3'),
(1092,23,'Pullman',1,1,'C2.4'),
(1093,23,'Pullman',1,1,'C2.5'),
(1094,23,'Pullman',1,1,'C2.6'),
(1095,23,'Pullman',1,1,'C2.7'),
(1096,23,'Pullman',1,1,'C2.8'),
(1097,23,'Pullman',1,1,'C2.9'),
(1098,23,'Pullman',1,1,'C2.10'),
(1099,23,'Pullman',1,1,'C2.11'),
(1100,23,'Pullman',1,1,'C2.12'),
(1101,23,'Pullman',1,1,'C2.13'),
(1102,23,'Pullman',1,1,'C2.14'),
(1103,23,'Pullman',1,1,'C2.15'),
(1104,23,'Pullman',1,1,'D2.2'),
(1105,23,'Pullman',1,1,'D2.3'),
(1106,24,'Cabine 8 places Homme',1,1,'302.12A'),
(1107,24,'Cabine 8 places Homme',1,1,'302.12B'),
(1108,24,'Cabine 8 places Homme',1,1,'302.12C'),
(1109,24,'Cabine 8 places Homme',1,1,'302.12D'),
(1110,24,'Cabine 8 places Homme',1,1,'302.12E'),
(1111,24,'Cabine 8 places Homme',1,1,'302.12F'),
(1112,24,'Cabine 8 places Homme',1,1,'302.12G'),
(1113,24,'Cabine 8 places Homme',1,1,'302.12H'),
(1114,24,'Cabine 8 places Femme',1,1,'302.15A'),
(1115,24,'Cabine 8 places Femme',1,1,'302.15B'),
(1116,24,'Cabine 8 places Femme',1,1,'302.15C'),
(1117,24,'Cabine 8 places Femme',1,1,'302.15D'),
(1118,24,'Cabine 8 places Femme',1,1,'302.15E'),
(1119,24,'Cabine 8 places Femme',1,1,'302.15F'),
(1120,24,'Cabine 8 places Femme',1,1,'302.15G'),
(1121,24,'Cabine 8 places Femme',1,1,'302.15H'),
(1122,24,'Pullman',1,0,'A2.6'),
(1123,24,'Pullman',1,1,'A2.7'),
(1124,24,'Pullman',1,1,'A2.8'),
(1125,24,'Pullman',1,1,'A2.9'),
(1126,24,'Pullman',1,1,'B2.2'),
(1127,24,'Pullman',1,1,'B2.3'),
(1128,24,'Pullman',1,1,'B2.4'),
(1129,24,'Pullman',1,1,'B2.5'),
(1130,24,'Pullman',1,1,'B2.6'),
(1131,24,'Pullman',1,1,'B2.7'),
(1132,24,'Pullman',1,1,'B2.8'),
(1133,24,'Pullman',1,1,'B2.9'),
(1134,24,'Pullman',1,1,'B2.10'),
(1135,24,'Pullman',1,1,'B2.11'),
(1136,24,'Pullman',1,1,'B2.12'),
(1137,24,'Pullman',1,1,'B2.13'),
(1138,24,'Pullman',1,1,'B2.14'),
(1139,24,'Pullman',1,1,'B2.15'),
(1140,24,'Pullman',1,1,'C2.2'),
(1141,24,'Pullman',1,1,'C2.3'),
(1142,24,'Pullman',1,1,'C2.4'),
(1143,24,'Pullman',1,1,'C2.5'),
(1144,24,'Pullman',1,1,'C2.6'),
(1145,24,'Pullman',1,1,'C2.7'),
(1146,24,'Pullman',1,1,'C2.8'),
(1147,24,'Pullman',1,1,'C2.9'),
(1148,24,'Pullman',1,1,'C2.10'),
(1149,24,'Pullman',1,1,'C2.11'),
(1150,24,'Pullman',1,1,'C2.12'),
(1151,24,'Pullman',1,1,'C2.13'),
(1152,24,'Pullman',1,1,'C2.14'),
(1153,24,'Pullman',1,1,'C2.15'),
(1154,24,'Pullman',1,1,'D2.2'),
(1155,24,'Pullman',1,1,'D2.3'),
(1156,25,'Cabine 8 places Homme',1,1,'302.12A'),
(1157,25,'Cabine 8 places Homme',1,1,'302.12B'),
(1158,25,'Cabine 8 places Homme',1,1,'302.12C'),
(1159,25,'Cabine 8 places Homme',1,1,'302.12D'),
(1160,25,'Cabine 8 places Homme',1,1,'302.12E'),
(1161,25,'Cabine 8 places Homme',1,1,'302.12F'),
(1162,25,'Cabine 8 places Homme',1,1,'302.12G'),
(1163,25,'Cabine 8 places Homme',1,1,'302.12H'),
(1164,25,'Cabine 8 places Femme',1,1,'302.15A'),
(1165,25,'Cabine 8 places Femme',1,1,'302.15B'),
(1166,25,'Cabine 8 places Femme',1,1,'302.15C'),
(1167,25,'Cabine 8 places Femme',1,1,'302.15D'),
(1168,25,'Cabine 8 places Femme',1,1,'302.15E'),
(1169,25,'Cabine 8 places Femme',1,1,'302.15F'),
(1170,25,'Cabine 8 places Femme',1,1,'302.15G'),
(1171,25,'Cabine 8 places Femme',1,1,'302.15H'),
(1172,25,'Pullman',1,0,'A2.6'),
(1173,25,'Pullman',1,1,'A2.7'),
(1174,25,'Pullman',1,1,'A2.8'),
(1175,25,'Pullman',1,1,'A2.9'),
(1176,25,'Pullman',1,1,'B2.2'),
(1177,25,'Pullman',1,1,'B2.3'),
(1178,25,'Pullman',1,1,'B2.4'),
(1179,25,'Pullman',1,1,'B2.5'),
(1180,25,'Pullman',1,1,'B2.6'),
(1181,25,'Pullman',1,1,'B2.7'),
(1182,25,'Pullman',1,1,'B2.8'),
(1183,25,'Pullman',1,1,'B2.9'),
(1184,25,'Pullman',1,1,'B2.10'),
(1185,25,'Pullman',1,1,'B2.11'),
(1186,25,'Pullman',1,1,'B2.12'),
(1187,25,'Pullman',1,1,'B2.13'),
(1188,25,'Pullman',1,1,'B2.14'),
(1189,25,'Pullman',1,1,'B2.15'),
(1190,25,'Pullman',1,1,'C2.2'),
(1191,25,'Pullman',1,1,'C2.3'),
(1192,25,'Pullman',1,1,'C2.4'),
(1193,25,'Pullman',1,1,'C2.5'),
(1194,25,'Pullman',1,1,'C2.6'),
(1195,25,'Pullman',1,1,'C2.7'),
(1196,25,'Pullman',1,1,'C2.8'),
(1197,25,'Pullman',1,1,'C2.9'),
(1198,25,'Pullman',1,1,'C2.10'),
(1199,25,'Pullman',1,1,'C2.11'),
(1200,25,'Pullman',1,1,'C2.12'),
(1201,25,'Pullman',1,1,'C2.13'),
(1202,25,'Pullman',1,1,'C2.14'),
(1203,25,'Pullman',1,1,'C2.15'),
(1204,25,'Pullman',1,1,'D2.2'),
(1205,25,'Pullman',1,1,'D2.3'),
(1206,26,'Cabine 8 places Homme',1,1,'302.12A'),
(1207,26,'Cabine 8 places Homme',1,1,'302.12B'),
(1208,26,'Cabine 8 places Homme',1,1,'302.12C'),
(1209,26,'Cabine 8 places Homme',1,1,'302.12D'),
(1210,26,'Cabine 8 places Homme',1,1,'302.12E'),
(1211,26,'Cabine 8 places Homme',1,1,'302.12F'),
(1212,26,'Cabine 8 places Homme',1,1,'302.12G'),
(1213,26,'Cabine 8 places Homme',1,1,'302.12H'),
(1214,26,'Cabine 8 places Femme',1,1,'302.15A'),
(1215,26,'Cabine 8 places Femme',1,1,'302.15B'),
(1216,26,'Cabine 8 places Femme',1,1,'302.15C'),
(1217,26,'Cabine 8 places Femme',1,1,'302.15D'),
(1218,26,'Cabine 8 places Femme',1,1,'302.15E'),
(1219,26,'Cabine 8 places Femme',1,1,'302.15F'),
(1220,26,'Cabine 8 places Femme',1,1,'302.15G'),
(1221,26,'Cabine 8 places Femme',1,1,'302.15H'),
(1222,26,'Pullman',1,1,'A2.6'),
(1223,26,'Pullman',1,1,'A2.7'),
(1224,26,'Pullman',1,1,'A2.8'),
(1225,26,'Pullman',1,1,'A2.9'),
(1226,26,'Pullman',1,1,'B2.2'),
(1227,26,'Pullman',1,1,'B2.3'),
(1228,26,'Pullman',1,1,'B2.4'),
(1229,26,'Pullman',1,1,'B2.5'),
(1230,26,'Pullman',1,1,'B2.6'),
(1231,26,'Pullman',1,1,'B2.7'),
(1232,26,'Pullman',1,1,'B2.8'),
(1233,26,'Pullman',1,1,'B2.9'),
(1234,26,'Pullman',1,1,'B2.10'),
(1235,26,'Pullman',1,1,'B2.11'),
(1236,26,'Pullman',1,1,'B2.12'),
(1237,26,'Pullman',1,1,'B2.13'),
(1238,26,'Pullman',1,1,'B2.14'),
(1239,26,'Pullman',1,1,'B2.15'),
(1240,26,'Pullman',1,1,'C2.2'),
(1241,26,'Pullman',1,1,'C2.3'),
(1242,26,'Pullman',1,1,'C2.4'),
(1243,26,'Pullman',1,1,'C2.5'),
(1244,26,'Pullman',1,1,'C2.6'),
(1245,26,'Pullman',1,1,'C2.7'),
(1246,26,'Pullman',1,1,'C2.8'),
(1247,26,'Pullman',1,1,'C2.9'),
(1248,26,'Pullman',1,1,'C2.10'),
(1249,26,'Pullman',1,1,'C2.11'),
(1250,26,'Pullman',1,1,'C2.12'),
(1251,26,'Pullman',1,1,'C2.13'),
(1252,26,'Pullman',1,1,'C2.14'),
(1253,26,'Pullman',1,1,'C2.15'),
(1254,26,'Pullman',1,1,'D2.2'),
(1255,26,'Pullman',1,1,'D2.3'),
(1256,27,'Cabine 8 places Homme',1,1,'302.12A'),
(1257,27,'Cabine 8 places Homme',1,1,'302.12B'),
(1258,27,'Cabine 8 places Homme',1,1,'302.12C'),
(1259,27,'Cabine 8 places Homme',1,1,'302.12D'),
(1260,27,'Cabine 8 places Homme',1,1,'302.12E'),
(1261,27,'Cabine 8 places Homme',1,1,'302.12F'),
(1262,27,'Cabine 8 places Homme',1,1,'302.12G'),
(1263,27,'Cabine 8 places Homme',1,1,'302.12H'),
(1264,27,'Cabine 8 places Femme',1,1,'302.15A'),
(1265,27,'Cabine 8 places Femme',1,1,'302.15B'),
(1266,27,'Cabine 8 places Femme',1,1,'302.15C'),
(1267,27,'Cabine 8 places Femme',1,1,'302.15D'),
(1268,27,'Cabine 8 places Femme',1,1,'302.15E'),
(1269,27,'Cabine 8 places Femme',1,1,'302.15F'),
(1270,27,'Cabine 8 places Femme',1,1,'302.15G'),
(1271,27,'Cabine 8 places Femme',1,1,'302.15H'),
(1272,27,'Pullman',1,1,'A2.6'),
(1273,27,'Pullman',1,1,'A2.7'),
(1274,27,'Pullman',1,1,'A2.8'),
(1275,27,'Pullman',1,1,'A2.9'),
(1276,27,'Pullman',1,1,'B2.2'),
(1277,27,'Pullman',1,1,'B2.3'),
(1278,27,'Pullman',1,1,'B2.4'),
(1279,27,'Pullman',1,1,'B2.5'),
(1280,27,'Pullman',1,1,'B2.6'),
(1281,27,'Pullman',1,1,'B2.7'),
(1282,27,'Pullman',1,1,'B2.8'),
(1283,27,'Pullman',1,1,'B2.9'),
(1284,27,'Pullman',1,1,'B2.10'),
(1285,27,'Pullman',1,1,'B2.11'),
(1286,27,'Pullman',1,1,'B2.12'),
(1287,27,'Pullman',1,1,'B2.13'),
(1288,27,'Pullman',1,1,'B2.14'),
(1289,27,'Pullman',1,1,'B2.15'),
(1290,27,'Pullman',1,1,'C2.2'),
(1291,27,'Pullman',1,1,'C2.3'),
(1292,27,'Pullman',1,1,'C2.4'),
(1293,27,'Pullman',1,1,'C2.5'),
(1294,27,'Pullman',1,1,'C2.6'),
(1295,27,'Pullman',1,1,'C2.7'),
(1296,27,'Pullman',1,1,'C2.8'),
(1297,27,'Pullman',1,1,'C2.9'),
(1298,27,'Pullman',1,1,'C2.10'),
(1299,27,'Pullman',1,1,'C2.11'),
(1300,27,'Pullman',1,1,'C2.12'),
(1301,27,'Pullman',1,1,'C2.13'),
(1302,27,'Pullman',1,1,'C2.14'),
(1303,27,'Pullman',1,1,'C2.15'),
(1304,27,'Pullman',1,1,'D2.2'),
(1305,27,'Pullman',1,1,'D2.3'),
(1306,28,'Cabine 8 places Homme',1,1,'302.12A'),
(1307,28,'Cabine 8 places Homme',1,1,'302.12B'),
(1308,28,'Cabine 8 places Homme',1,1,'302.12C'),
(1309,28,'Cabine 8 places Homme',1,1,'302.12D'),
(1310,28,'Cabine 8 places Homme',1,1,'302.12E'),
(1311,28,'Cabine 8 places Homme',1,1,'302.12F'),
(1312,28,'Cabine 8 places Homme',1,1,'302.12G'),
(1313,28,'Cabine 8 places Homme',1,1,'302.12H'),
(1314,28,'Cabine 8 places Femme',1,1,'302.15A'),
(1315,28,'Cabine 8 places Femme',1,1,'302.15B'),
(1316,28,'Cabine 8 places Femme',1,1,'302.15C'),
(1317,28,'Cabine 8 places Femme',1,1,'302.15D'),
(1318,28,'Cabine 8 places Femme',1,1,'302.15E'),
(1319,28,'Cabine 8 places Femme',1,1,'302.15F'),
(1320,28,'Cabine 8 places Femme',1,1,'302.15G'),
(1321,28,'Cabine 8 places Femme',1,1,'302.15H'),
(1322,28,'Pullman',1,1,'A2.6'),
(1323,28,'Pullman',1,1,'A2.7'),
(1324,28,'Pullman',1,1,'A2.8'),
(1325,28,'Pullman',1,1,'A2.9'),
(1326,28,'Pullman',1,1,'B2.2'),
(1327,28,'Pullman',1,1,'B2.3'),
(1328,28,'Pullman',1,1,'B2.4'),
(1329,28,'Pullman',1,1,'B2.5'),
(1330,28,'Pullman',1,1,'B2.6'),
(1331,28,'Pullman',1,1,'B2.7'),
(1332,28,'Pullman',1,1,'B2.8'),
(1333,28,'Pullman',1,1,'B2.9'),
(1334,28,'Pullman',1,1,'B2.10'),
(1335,28,'Pullman',1,1,'B2.11'),
(1336,28,'Pullman',1,1,'B2.12'),
(1337,28,'Pullman',1,1,'B2.13'),
(1338,28,'Pullman',1,1,'B2.14'),
(1339,28,'Pullman',1,1,'B2.15'),
(1340,28,'Pullman',1,1,'C2.2'),
(1341,28,'Pullman',1,1,'C2.3'),
(1342,28,'Pullman',1,1,'C2.4'),
(1343,28,'Pullman',1,1,'C2.5'),
(1344,28,'Pullman',1,1,'C2.6'),
(1345,28,'Pullman',1,1,'C2.7'),
(1346,28,'Pullman',1,1,'C2.8'),
(1347,28,'Pullman',1,1,'C2.9'),
(1348,28,'Pullman',1,1,'C2.10'),
(1349,28,'Pullman',1,1,'C2.11'),
(1350,28,'Pullman',1,1,'C2.12'),
(1351,28,'Pullman',1,1,'C2.13'),
(1352,28,'Pullman',1,1,'C2.14'),
(1353,28,'Pullman',1,1,'C2.15'),
(1354,28,'Pullman',1,1,'D2.2'),
(1355,28,'Pullman',1,1,'D2.3'),
(1356,29,'Cabine 8 places Homme',1,1,'302.12A'),
(1357,29,'Cabine 8 places Homme',1,1,'302.12B'),
(1358,29,'Cabine 8 places Homme',1,1,'302.12C'),
(1359,29,'Cabine 8 places Homme',1,1,'302.12D'),
(1360,29,'Cabine 8 places Homme',1,1,'302.12E'),
(1361,29,'Cabine 8 places Homme',1,1,'302.12F'),
(1362,29,'Cabine 8 places Homme',1,1,'302.12G'),
(1363,29,'Cabine 8 places Homme',1,1,'302.12H'),
(1364,29,'Cabine 8 places Femme',1,1,'302.15A'),
(1365,29,'Cabine 8 places Femme',1,1,'302.15B'),
(1366,29,'Cabine 8 places Femme',1,1,'302.15C'),
(1367,29,'Cabine 8 places Femme',1,1,'302.15D'),
(1368,29,'Cabine 8 places Femme',1,1,'302.15E'),
(1369,29,'Cabine 8 places Femme',1,1,'302.15F'),
(1370,29,'Cabine 8 places Femme',1,1,'302.15G'),
(1371,29,'Cabine 8 places Femme',1,1,'302.15H'),
(1372,29,'Pullman',1,1,'A2.6'),
(1373,29,'Pullman',1,1,'A2.7'),
(1374,29,'Pullman',1,1,'A2.8'),
(1375,29,'Pullman',1,1,'A2.9'),
(1376,29,'Pullman',1,1,'B2.2'),
(1377,29,'Pullman',1,1,'B2.3'),
(1378,29,'Pullman',1,1,'B2.4'),
(1379,29,'Pullman',1,1,'B2.5'),
(1380,29,'Pullman',1,1,'B2.6'),
(1381,29,'Pullman',1,1,'B2.7'),
(1382,29,'Pullman',1,1,'B2.8'),
(1383,29,'Pullman',1,1,'B2.9'),
(1384,29,'Pullman',1,1,'B2.10'),
(1385,29,'Pullman',1,1,'B2.11'),
(1386,29,'Pullman',1,1,'B2.12'),
(1387,29,'Pullman',1,1,'B2.13'),
(1388,29,'Pullman',1,1,'B2.14'),
(1389,29,'Pullman',1,1,'B2.15'),
(1390,29,'Pullman',1,1,'C2.2'),
(1391,29,'Pullman',1,1,'C2.3'),
(1392,29,'Pullman',1,1,'C2.4'),
(1393,29,'Pullman',1,1,'C2.5'),
(1394,29,'Pullman',1,1,'C2.6'),
(1395,29,'Pullman',1,1,'C2.7'),
(1396,29,'Pullman',1,1,'C2.8'),
(1397,29,'Pullman',1,1,'C2.9'),
(1398,29,'Pullman',1,1,'C2.10'),
(1399,29,'Pullman',1,1,'C2.11'),
(1400,29,'Pullman',1,1,'C2.12'),
(1401,29,'Pullman',1,1,'C2.13'),
(1402,29,'Pullman',1,1,'C2.14'),
(1403,29,'Pullman',1,1,'C2.15'),
(1404,29,'Pullman',1,1,'D2.2'),
(1405,29,'Pullman',1,1,'D2.3');
/*!40000 ALTER TABLE `places` ENABLE KEYS */;
UNLOCK TABLES;

--
-- Table structure for table `remboursements`
--

DROP TABLE IF EXISTS `remboursements`;
/*!40101 SET @saved_cs_client     = @@character_set_client */;
/*!40101 SET character_set_client = utf8mb4 */;
CREATE TABLE `remboursements` (
  `id` int(11) NOT NULL AUTO_INCREMENT,
  `billet_id` int(11) NOT NULL,
  `montant` decimal(10,2) NOT NULL,
  `frais` decimal(10,2) DEFAULT 0.00,
  `total` decimal(10,2) NOT NULL,
  `date_remboursement` datetime DEFAULT current_timestamp(),
  `user_id` int(11) DEFAULT NULL,
  `commentaire` varchar(255) DEFAULT NULL,
  PRIMARY KEY (`id`)
) ENGINE=InnoDB DEFAULT CHARSET=utf8mb4 COLLATE=utf8mb4_general_ci;
/*!40101 SET character_set_client = @saved_cs_client */;

--
-- Dumping data for table `remboursements`
--

LOCK TABLES `remboursements` WRITE;
/*!40000 ALTER TABLE `remboursements` DISABLE KEYS */;
/*!40000 ALTER TABLE `remboursements` ENABLE KEYS */;
UNLOCK TABLES;

--
-- Table structure for table `reservations_attente`
--

DROP TABLE IF EXISTS `reservations_attente`;
/*!40101 SET @saved_cs_client     = @@character_set_client */;
/*!40101 SET character_set_client = utf8mb4 */;
CREATE TABLE `reservations_attente` (
  `id` int(11) NOT NULL AUTO_INCREMENT,
  `reference` varchar(50) DEFAULT NULL,
  `nom` varchar(255) DEFAULT NULL,
  `telephone` varchar(20) DEFAULT NULL,
  `sexe` enum('M','F') NOT NULL DEFAULT 'M',
  `cni` varchar(50) DEFAULT NULL,
  `id_place` int(11) DEFAULT NULL,
  `traversee_id` int(11) DEFAULT NULL,
  `code_qr` varchar(100) DEFAULT NULL,
  `type_client` varchar(50) DEFAULT NULL,
  `pays` varchar(100) DEFAULT NULL,
  `type_passager` varchar(50) DEFAULT NULL,
  `prix` int(11) DEFAULT NULL,
  `frais_service` int(11) DEFAULT NULL,
  `depart_client` varchar(100) DEFAULT NULL,
  `statut` varchar(20) DEFAULT 'attente',
  `created_at` timestamp NOT NULL DEFAULT current_timestamp(),
  PRIMARY KEY (`id`),
  UNIQUE KEY `reference` (`reference`)
) ENGINE=InnoDB AUTO_INCREMENT=110 DEFAULT CHARSET=utf8mb4 COLLATE=utf8mb4_general_ci;
/*!40101 SET character_set_client = @saved_cs_client */;

--
-- Dumping data for table `reservations_attente`
--

LOCK TABLES `reservations_attente` WRITE;
/*!40000 ALTER TABLE `reservations_attente` DISABLE KEYS */;
INSERT INTO `reservations_attente` VALUES
(1,'BILLET-1783924091','Pape séne ','777777777','M','Hyuuiioooolllll',20,1,'BILLET-1783924091','senegalais',NULL,'adulte',12500,5,'','attente','2026-07-13 06:28:11'),
(2,'BILLET-1783927850','Abdoulaye Tamba','784549475','M','1885199700017',6,1,'BILLET-1783927850','senegalais',NULL,'adulte',26500,5,'Carabane','attente','2026-07-13 07:30:50'),
(3,'BILLET-1783928073','Dieme merci ','777010199 ','F','A02573953',48,3,'BILLET-1783928073','senegalais',NULL,'adulte',26500,5,'','attente','2026-07-13 07:34:33'),
(4,'BILLET-1783928370','DAOUDA DALLAS BADJI','787806190','M','11419990224000039',2,1,'BILLET-1783928370','senegalais',NULL,'adulte',5,5,'','traite','2026-07-13 07:39:30'),
(5,'BILLET-1783936822','Baba lassana sagna','774758914','M','1858200200246',40,2,'BILLET-1783936822','senegalais',NULL,'adulte',12500,5,'Carabane','attente','2026-07-13 10:00:22'),
(6,'BILLET-1783936856','Baba lassana sagna','774758914','M','1858200200246',28,2,'BILLET-1783936856','senegalais',NULL,'adulte',26500,5,'Carabane','attente','2026-07-13 10:00:56'),
(7,'BILLET-1783937707','Moussa Fall','775007685','M','1070199303997',1,1,'BILLET-1783937707','senegalais',NULL,'adulte',5,5,'','attente','2026-07-13 10:15:07'),
(8,'BILLET-1783937922','Moussa Fall','775007685','M','1070199303997',29,2,'BILLET-1783937922','senegalais',NULL,'adulte',26500,5,'','attente','2026-07-13 10:18:42'),
(9,'BILLET-1783939177','Abdou sane','00221784546','M','2456778990009i8',34,2,'BILLET-1783939177','senegalais',NULL,'adulte',24500,5,'','attente','2026-07-13 10:39:37'),
(10,'BILLET-1783939312','Ndiaga Ndiaye','777896379','M','1740200000438',1,1,'BILLET-1783939312','senegalais',NULL,'adulte',5,5,'','attente','2026-07-13 10:41:52'),
(11,'BILLET-1783939639','Serigne souhaibou mbacke salla','769318824','M','1070199303998',1,1,'BILLET-1783939639','senegalais',NULL,'adulte',5,5,'','traite','2026-07-13 10:47:19'),
(12,'BILLET-1783940137','dembel .sambou','778121500','M','1119200000277',3,1,'BILLET-1783940137','senegalais',NULL,'adulte',5,5,'','traite','2026-07-13 10:55:37'),
(13,'BILLET-1783942034','Khadidiatou Diatta ','779047998','F','2870199500756',4,1,'BILLET-1783942034','senegalais',NULL,'adulte',5,5,'','attente','2026-07-13 11:27:14'),
(14,'BILLET-1783942826','Abdel Kader DIAWARA','781139001','M','1757200003120',6,1,'BILLET-1783942826','senegalais',NULL,'adulte',26500,5,'','attente','2026-07-13 11:40:26'),
(15,'BILLET-1783943345','Seydou Karamba Sambou','762175015','M','1072199800002',4,1,'BILLET-1783943345','senegalais',NULL,'adulte',5,5,'','attente','2026-07-13 11:49:05'),
(16,'BILLET-1783943762','Ibrahima Kalilou diallo','785052639','M','1070200605008',11,1,'BILLET-1783943762','senegalais',NULL,'adulte',24500,5,'','attente','2026-07-13 11:56:02'),
(17,'BILLET-1783943809','Ndiaga Ndiaye','777896379','M','1740200000438',4,1,'BILLET-1783943809','senegalais',NULL,'adulte',5,5,'','traite','2026-07-13 11:56:49'),
(18,'BILLET-1783943847','Arouna dia','770676395','M','1247200101525',6,1,'BILLET-1783943847','senegalais',NULL,'adulte',26500,5,'','attente','2026-07-13 11:57:27'),
(19,'BILLET-1783943880','Ibrahima Kalilou diallo','785052639','M','1070200605008',20,1,'BILLET-1783943880','senegalais',NULL,'adulte',12500,5,'Carabane','attente','2026-07-13 11:58:00'),
(20,'BILLET-1783944437','Baba lassana sagna','774758914','M','1858200200246',22,2,'BILLET-1783944437','senegalais',NULL,'adulte',5,5,'Carabane','attente','2026-07-13 12:07:17'),
(21,'BILLET-1783945254','Baba lassana sagna','774758914','M','1858200200246',22,2,'BILLET-1783945254','senegalais',NULL,'adulte',5,5,'Carabane','traite','2026-07-13 12:20:54'),
(22,'BILLET-1783945961','Mamadou oule diallo ','781817104','M','1082199900656',16,1,'BILLET-1783945961','senegalais',NULL,'adulte',12500,5,'','attente','2026-07-13 12:32:41'),
(23,'BILLET-1783946415','Mamadou oule diallo ','781817104','M','1082199900656',16,1,'BILLET-1783946415','senegalais',NULL,'adulte',12500,5,'','attente','2026-07-13 12:40:15'),
(24,'BILLET-1783946697','nina manga','774376815','F','21881981000104',18,1,'BILLET-1783946697','senegalais',NULL,'adulte',12500,5,'','attente','2026-07-13 12:44:57'),
(25,'BILLET-1783946798','Idrissa Diaw','771230923','M','129844734528',8,1,'BILLET-1783946798','senegalais',NULL,'adulte',26500,5,'Carabane','attente','2026-07-13 12:46:38'),
(26,'BILLET-1783946874','nina manga','774376815','F','2188198100104',39,2,'BILLET-1783946874','senegalais',NULL,'adulte',12500,5,'','attente','2026-07-13 12:47:54'),
(27,'BILLET-1783947863','Moussa Fall','776009987','M','107019876',5,1,'BILLET-1783947863','senegalais',NULL,'adulte',5,5,'','attente','2026-07-13 13:04:23'),
(28,'BILLET-1783947978','Moussa Fall','776009987','M','107098665',29,2,'BILLET-1783947978','senegalais',NULL,'adulte',26500,5,'','attente','2026-07-13 13:06:18'),
(29,'BILLET-1783948109','Mamadou oule diallo ','781817104 ','M','1082199900656',16,1,'BILLET-1783948109','senegalais',NULL,'adulte',12500,5,'','traite','2026-07-13 13:08:29'),
(30,'BILLET-1783948268','Khadidiatou Diatta ','779047998','F','287019950756',42,3,'BILLET-1783948268','senegalais',NULL,'adulte',5,5,'','attente','2026-07-13 13:11:08'),
(31,'BILLET-1783948399','Khadidiatou Diatta ','779047998','F','287019950756',42,3,'BILLET-1783948399','senegalais',NULL,'adulte',5,5,'','traite','2026-07-13 13:13:19'),
(32,'BILLET-1783948712','Abdou sane','00221784546','M','2456778990009i8',23,2,'BILLET-1783948712','senegalais',NULL,'adulte',5,5,'','attente','2026-07-13 13:18:32'),
(33,'BILLET-1783949265','Julieta Monteiro de Sá Nogueira ','778878912','F','CA 25555',8,1,'BILLET-1783949265','resident',NULL,'adulte',26900,5,'','attente','2026-07-13 13:27:45'),
(34,'BILLET-1783950615','fanta mandiang','782809097','F','207019943054',43,3,'BILLET-1783950615','senegalais',NULL,'adulte',5,5,'','attente','2026-07-13 13:50:15'),
(35,'BILLET-1783950666','fanta mandiang','782809097','F','207019943054',43,3,'BILLET-1783950666','senegalais',NULL,'adulte',5,5,'','attente','2026-07-13 13:51:06'),
(36,'BILLET-1783950846','fanta mandiang','782809097','F','207019943054',43,3,'BILLET-1783950846','senegalais',NULL,'adulte',5,5,'','attente','2026-07-13 13:54:06'),
(37,'BILLET-1783952127','Samba ba','7771717','M','11111',8,1,'BILLET-1783952127','senegalais',NULL,'adulte',26500,5,'','attente','2026-07-13 14:15:27'),
(38,'BILLET-1783952262','Modou Diouf ','766354848','M','111111',5,1,'BILLET-1783952262','senegalais',NULL,'adulte',5,5,'','attente','2026-07-13 14:17:42'),
(39,'BILLET-1783952347','Léon Tendeng','779772011','M','1650198701205',36,2,'BILLET-1783952347','senegalais',NULL,'adulte',12500,5,'','attente','2026-07-13 14:19:07'),
(40,'BILLET-1783952354','malang marna','709764709 ','M','1596200003109',5,1,'BILLET-1783952354','senegalais',NULL,'adulte',5,5,'','attente','2026-07-13 14:19:14'),
(41,'BILLET-1783952385','Léon Tendeng','779772011','M','1650198701205',23,2,'BILLET-1783952385','senegalais',NULL,'adulte',5,5,'','attente','2026-07-13 14:19:45'),
(42,'BILLET-1783952408','Léon Tendeng','779772011','M','1650198701205',23,2,'BILLET-1783952408','senegalais',NULL,'adulte',5,5,'','attente','2026-07-13 14:20:08'),
(43,'BILLET-1783954161','Mawercor DIOUF','777188958','M','1118198900371',62,4,'BILLET-1783954161','senegalais',NULL,'adulte',5,5,'','attente','2026-07-13 14:49:21'),
(44,'BILLET-1783954750','Babacar Ndiaye','704990805','M','1741199900215',26,2,'BILLET-1783954750','senegalais',NULL,'adulte',26500,5,'','attente','2026-07-13 14:59:10'),
(45,'BILLET-1784043121','Seydi marie','776606209','M','2136198900473',221,6,'BILLET-1784043121','senegalais',NULL,'adulte',5000,5,'','attente','2026-07-14 15:32:01'),
(46,'BILLET-1784043963','KAWTAR','01','F','BE 856919',244,7,'BILLET-1784043963','non_resident','Maroc','adulte',18900,5,'Carabane','attente','2026-07-14 15:46:03'),
(47,'BILLET-1784044422','Ansou diatta','7761510262','M','1765200209865',213,6,'BILLET-1784044422','senegalais',NULL,'adulte',5000,500,'','attente','2026-07-14 15:53:42'),
(48,'BILLET-1784047379','Abdoulaye SAGNA ','773715075','M','1081199600323',288,8,'BILLET-1784047379','senegalais',NULL,'adulte',12500,500,'','attente','2026-07-14 16:42:59'),
(49,'BILLET-1784047471','Abdoulaye SAGNA ','773715075','M','1081199600323',306,8,'BILLET-1784047471','senegalais',NULL,'adulte',5000,500,'','attente','2026-07-14 16:44:31'),
(50,'BILLET-1784047563','Abdoulaye SAGNA ','773715075','M','1081199600323',296,8,'BILLET-1784047563','senegalais',NULL,'adulte',12500,500,'','attente','2026-07-14 16:46:03'),
(51,'BILLET-1784054458','Demba Dieme ','786671725','M','10219990628',304,8,'BILLET-1784054458','senegalais',NULL,'adulte',5000,500,'Carabane','attente','2026-07-14 18:40:58'),
(52,'BILLET-1784062261','Awa Mbacké ','787469556','F','2070201006736',239,7,'BILLET-1784062261','senegalais',NULL,'adulte',12500,500,'','attente','2026-07-14 20:51:01'),
(53,'BILLET-1784066260','Landing MANE','775286235','M','1070199500215',288,8,'BILLET-1784066260','senegalais',NULL,'adulte',12500,500,'','attente','2026-07-14 21:57:40'),
(54,'BILLET-1784066396','Callieu','0783827076','F','23AR95457',296,8,'BILLET-1784066396','non_resident','France','adulte',18900,500,'','attente','2026-07-14 21:59:56'),
(55,'BILLET-1784066873','Callieu','0783827076','F','23AR95457',296,8,'BILLET-1784066873','non_resident','France','adulte',18900,500,'','attente','2026-07-14 22:07:53'),
(56,'BILLET-1784067071','Raphaëlle Widmaier','710472775','F','23DC53666',299,8,'BILLET-1784067071','non_resident','France','adulte',18900,500,'Carabane','attente','2026-07-14 22:11:11'),
(57,'BILLET-1784067354','Callieu','0783827076','F','23AR95457',296,8,'BILLET-1784067354','non_resident','France','adulte',18900,500,'','attente','2026-07-14 22:15:54'),
(58,'BILLET-1784068746','Benedicta Coly','773398328','F','2001199700964',191,6,'BILLET-1784068746','senegalais',NULL,'adulte',5000,500,'','traite','2026-07-14 22:39:06'),
(59,'BILLET-1784070934','baye demba DIOUF','776693128','M','1212199303279',176,6,'BILLET-1784070934','senegalais',NULL,'adulte',12500,500,'','attente','2026-07-14 23:15:34'),
(60,'BILLET-1784084810','Modou Sow','765889099','M','F7875',232,7,'BILLET-1784084810','senegalais',NULL,'adulte',12500,500,'','attente','2026-07-15 03:06:50'),
(61,'BILLET-1784084833','Modou Sow','765889099','M','F7875',235,7,'BILLET-1784084833','senegalais',NULL,'adulte',12500,500,'','attente','2026-07-15 03:07:13'),
(62,'BILLET-1784096980','Djibril Ndoye','767729230','M','10120071115000052',287,7,'BILLET-1784096980','senegalais',NULL,'adulte',5000,500,'','attente','2026-07-15 06:29:40'),
(63,'BILLET-1784097713','Djibril Ndoye','767729230','M','10120071115000052',279,7,'BILLET-1784097713','senegalais',NULL,'adulte',5000,500,'','attente','2026-07-15 06:41:53'),
(64,'BILLET-1784110236','ASSANE DIATTA','783233383','M','1031200700085',556,13,'BILLET-1784110236','senegalais',NULL,'adulte',12500,500,'','attente','2026-07-15 10:10:36'),
(65,'BILLET-1784111084','Mamadou Moustapha Bodian','779008309','M','1870199303664',360,9,'BILLET-1784111084','senegalais',NULL,'adulte',5000,500,'','attente','2026-07-15 10:24:44'),
(66,'BILLET-1784112240','Pape Salif DIEME','774410265','M','1070199802099',1172,25,'BILLET-1784112240','senegalais',NULL,'adulte',5000,500,'','attente','2026-07-15 10:44:00'),
(67,'BILLET-1784112529','Mamadou Moustapha Bodian ','779008309','M','1870199303664',360,9,'BILLET-1784112529','senegalais',NULL,'adulte',5000,500,'','traite','2026-07-15 10:48:49'),
(68,'BILLET-1784113065','Mamietou Sonko','779008309','F','2006201400013',361,9,'BILLET-1784113065','senegalais',NULL,'adulte',5000,500,'','traite','2026-07-15 10:57:45'),
(69,'BILLET-1784113539','Khady Aïssatou Dieynaba Goudiaby','779008309','F','27020162026',362,9,'BILLET-1784113539','senegalais',NULL,'enfant',2500,500,'','traite','2026-07-15 11:05:39'),
(70,'BILLET-1784117230','Abdou Baldé','782260852','M','1118200600028',603,13,'BILLET-1784117230','senegalais',NULL,'adulte',5000,500,'','attente','2026-07-15 12:07:10'),
(71,'BILLET-1784118269','AWA THIOMBANE','774515232','F','10219941223000147',192,6,'BILLET-1784118269','senegalais',NULL,'adulte',5000,500,'','attente','2026-07-15 12:24:29'),
(72,'BILLET-1784120319','Luís Filipe Pereira Vieira Gomes Correia ','771454028','M','002643595',181,6,'BILLET-1784120319','resident','Guinée-Bissau','adulte',12900,500,'','traite','2026-07-15 12:58:39'),
(73,'BILLET-1784124970','Mamadou Diouet Diallo ','783006726','M','1081199800937',363,9,'BILLET-1784124970','senegalais',NULL,'adulte',5000,500,'','attente','2026-07-15 14:16:10'),
(74,'BILLET-1784125154','Silvain Correa','781687835','M','1070200401265',231,7,'BILLET-1784125154','senegalais',NULL,'adulte',12500,500,'','attente','2026-07-15 14:19:14'),
(75,'BILLET-1784125435','Silvain Correa','781687835','M','1070200401265',266,7,'BILLET-1784125435','senegalais',NULL,'adulte',5000,500,'','attente','2026-07-15 14:23:55'),
(76,'BILLET-1784125562','Mamadou Diouet Diallo ','783006726','M','1081199800937',1172,25,'BILLET-1784125562','senegalais',NULL,'adulte',5000,500,'','traite','2026-07-15 14:26:02'),
(77,'BILLET-1784128545','Modou Thiam','775978101','M','1001202500875',247,7,'BILLET-1784128545','senegalais',NULL,'adulte',5000,500,'','attente','2026-07-15 15:15:45'),
(78,'BILLET-1784129019','Louis André Augustin BADJI','775078140','M','1070 1978 01032',1106,24,'BILLET-1784129019','senegalais',NULL,'adulte',12500,500,'','attente','2026-07-15 15:23:39'),
(79,'BILLET-1784131601','Serigne Saliou Sene ','777463527','M','1209201001468',664,15,'BILLET-1784131601','senegalais',NULL,'adulte',12500,500,'','attente','2026-07-15 16:06:41'),
(80,'BILLET-1784138474','Mamy Astou Badiane ','768298191','F','2 126 2002 00504',184,6,'BILLET-1784138474','senegalais',NULL,'adulte',12500,500,'','attente','2026-07-15 18:01:14'),
(81,'BILLET-1784138549','Mamy Astou Badiane ','768298191','F','2 126 2002 00504',184,6,'BILLET-1784138549','senegalais',NULL,'adulte',12500,500,'','traite','2026-07-15 18:02:29'),
(82,'BILLET-1784138600','Alphonse Basséne','781900152','M','10219691020000016',1122,24,'BILLET-1784138600','senegalais',NULL,'adulte',5000,500,'','attente','2026-07-15 18:03:20'),
(83,'BILLET-1784141850','Jean bassile Gomis','770135060','M','1758198800176',192,6,'BILLET-1784141850','senegalais',NULL,'adulte',5000,500,'','traite','2026-07-15 18:57:30'),
(84,'BILLET-1784142789','TEST','776849595','M','XXXDKDSSS3343',185,6,'BILLET-1784142789','senegalais',NULL,'adulte',12500,500,'Carabane','attente','2026-07-15 19:13:09'),
(85,'BILLET-1784151590','Dominique Sambou','770379333','M','11251995001222',304,8,'BILLET-1784151590','senegalais',NULL,'adulte',5000,500,'','attente','2026-07-15 21:39:50'),
(86,'BILLET-1784155470','Michel Dacosta','782044552','M','1070199902710',193,6,'BILLET-1784155470','senegalais',NULL,'adulte',5000,500,'Carabane','attente','2026-07-15 22:44:30'),
(87,'BILLET-1784161582','Elisabeth','772588950','F','20219741020000057',1154,24,'BILLET-1784161582','senegalais',NULL,'adulte',5000,500,'','attente','2026-07-16 00:26:22'),
(88,'BILLET-1784163220','Mariama soukouna','789179412','F','Carte d’identité scolaire ',865,19,'BILLET-1784163220','senegalais',NULL,'adulte',12500,500,'','attente','2026-07-16 00:53:40'),
(89,'BILLET-1784190806','dupont','0614986347','F','FR157369CN',1064,23,'BILLET-1784190806','non_resident','France','adulte',18900,500,'Carabane','attente','2026-07-16 08:33:26'),
(90,'BILLET-1784194754','OUMAR Mahamat Nour','771542948','M','FN343378404737',247,7,'BILLET-1784194754','resident','Singapour','adulte',10900,500,'','attente','2026-07-16 09:39:14'),
(91,'BILLET-1784194918','Massamba Dramé ','765351456','M','A04430647',203,6,'BILLET-1784194918','senegalais',NULL,'adulte',5000,500,'','attente','2026-07-16 09:41:58'),
(92,'BILLET-1784196709','elbou diongue','784462611','M','1950 1999 00335',193,6,'BILLET-1784196709','senegalais',NULL,'adulte',5000,500,'Carabane','attente','2026-07-16 10:11:49'),
(93,'BILLET-1784197337','Elbou Diongue ','784462611','M','1950199900335',193,6,'BILLET-1784197337','senegalais',NULL,'adulte',5000,500,'','traite','2026-07-16 10:22:17'),
(94,'BILLET-1784197451','Fatou casset','771029892','F','2755197404382',194,6,'BILLET-1784197451','senegalais',NULL,'adulte',5000,500,'','attente','2026-07-16 10:24:11'),
(95,'BILLET-1784197455','Fatou casset','771029892','F','2755197404382',194,6,'BILLET-1784197455','senegalais',NULL,'adulte',5000,500,'','traite','2026-07-16 10:24:15'),
(96,'BILLET-1784204831','Aladji Djiby Cissé ','778794225','M','1619200000021',203,6,'BILLET-1784204831','senegalais',NULL,'adulte',5000,500,'','attente','2026-07-16 12:27:11'),
(97,'BILLET-1784205057','Aladji Djiby Cissé ','778794225','M','1619200000021',205,6,'BILLET-1784205057','senegalais',NULL,'adulte',5000,500,'','traite','2026-07-16 12:30:57'),
(98,'BILLET-1784205433','Lahat FALL','773943110','M','1192199300150',262,7,'BILLET-1784205433','senegalais',NULL,'adulte',5000,500,'Carabane','attente','2026-07-16 12:37:13'),
(99,'BILLET-1784209559','Knockaert','0610428789','F','22DC55326',296,8,'BILLET-1784209559','non_resident','France','adulte',18900,500,'','attente','2026-07-16 13:45:59'),
(100,'BILLET-1784210598','Callieu','0783827076','F','23AR95457',296,8,'BILLET-1784210598','non_resident','France','adulte',18900,500,'','traite','2026-07-16 14:03:18'),
(101,'BILLET-1784210711','Knockaert','0610428789','F','22DC55326',297,8,'BILLET-1784210711','non_resident','France','adulte',18900,500,'','traite','2026-07-16 14:05:11'),
(102,'BILLET-1784210813','Raphaëlle Widmaier','710472775','F','23DC53666',298,8,'BILLET-1784210813','non_resident','France','adulte',18900,500,'','traite','2026-07-16 14:06:53'),
(103,'BILLET-1784210873','Juanchich','0768985997','F','25CH29105',299,8,'BILLET-1784210873','non_resident','France','adulte',18900,500,'','traite','2026-07-16 14:07:53'),
(104,'BILLET-1784210948','Emile Gabriel Corréa','785785682','M','1082200300184',293,8,'BILLET-1784210948','senegalais',NULL,'adulte',12500,500,'','attente','2026-07-16 14:09:08'),
(105,'BILLET-1784211022','Gantois','777846265','F','26AF15417',300,8,'BILLET-1784211022','non_resident','France','adulte',18900,500,'','traite','2026-07-16 14:10:22'),
(106,'BILLET-1784211568','Emile Gabriel Corréa','785785682','M','1082200300184',1122,24,'BILLET-1784211568','senegalais',NULL,'adulte',5000,500,'','traite','2026-07-16 14:19:28'),
(107,'BILLET-1784212758','Landing Diatta','776863782','M','1768197800432',504,11,'BILLET-1784212758','senegalais',NULL,'adulte',5000,500,'','attente','2026-07-16 14:39:18'),
(108,'BILLET-1784213071','Émile Gabriel Correa','785785682','M','1082200300184',1123,24,'BILLET-1784213071','senegalais',NULL,'adulte',5000,500,'','attente','2026-07-16 14:44:31'),
(109,'BILLET-1784216690','Jean Simon Barthélémy diédhiou ','782012457','M','1930200100148',1233,26,'BILLET-1784216690','senegalais',NULL,'adulte',5000,500,'','attente','2026-07-16 15:44:50');
/*!40000 ALTER TABLE `reservations_attente` ENABLE KEYS */;
UNLOCK TABLES;

--
-- Table structure for table `reservations_temp`
--

DROP TABLE IF EXISTS `reservations_temp`;
/*!40101 SET @saved_cs_client     = @@character_set_client */;
/*!40101 SET character_set_client = utf8mb4 */;
CREATE TABLE `reservations_temp` (
  `id` int(11) NOT NULL AUTO_INCREMENT,
  `order_id` varchar(100) NOT NULL,
  `nom` varchar(150) DEFAULT NULL,
  `telephone` varchar(30) DEFAULT NULL,
  `cni` varchar(50) DEFAULT NULL,
  `id_place` int(11) DEFAULT NULL,
  `traversee_id` int(11) DEFAULT NULL,
  `prix` decimal(10,2) DEFAULT NULL,
  `frais_service` decimal(10,2) DEFAULT NULL,
  `statut` varchar(20) DEFAULT 'PENDING',
  `code_transaction` varchar(100) DEFAULT NULL,
  `created_at` datetime DEFAULT current_timestamp(),
  PRIMARY KEY (`id`),
  UNIQUE KEY `order_id` (`order_id`)
) ENGINE=InnoDB DEFAULT CHARSET=utf8mb4 COLLATE=utf8mb4_general_ci;
/*!40101 SET character_set_client = @saved_cs_client */;

--
-- Dumping data for table `reservations_temp`
--

LOCK TABLES `reservations_temp` WRITE;
/*!40000 ALTER TABLE `reservations_temp` DISABLE KEYS */;
/*!40000 ALTER TABLE `reservations_temp` ENABLE KEYS */;
UNLOCK TABLES;

--
-- Table structure for table `traversees`
--

DROP TABLE IF EXISTS `traversees`;
/*!40101 SET @saved_cs_client     = @@character_set_client */;
/*!40101 SET character_set_client = utf8mb4 */;
CREATE TABLE `traversees` (
  `id` int(11) NOT NULL AUTO_INCREMENT,
  `depart` varchar(100) DEFAULT NULL,
  `destination` varchar(100) DEFAULT NULL,
  `date_depart` datetime DEFAULT NULL,
  `bateau` varchar(100) DEFAULT NULL,
  `prix` decimal(10,2) DEFAULT NULL,
  `places_disponibles` int(11) DEFAULT NULL,
  `date_jour` date GENERATED ALWAYS AS (cast(`date_depart` as date)) STORED,
  `reference_voyage` varchar(50) DEFAULT NULL,
  PRIMARY KEY (`id`),
  UNIQUE KEY `unique_bateau_date` (`bateau`,`date_depart`),
  UNIQUE KEY `unique_bateau_jour` (`bateau`,`date_jour`)
) ENGINE=InnoDB AUTO_INCREMENT=30 DEFAULT CHARSET=utf8mb4 COLLATE=utf8mb4_general_ci;
/*!40101 SET character_set_client = @saved_cs_client */;

--
-- Dumping data for table `traversees`
--

LOCK TABLES `traversees` WRITE;
/*!40000 ALTER TABLE `traversees` DISABLE KEYS */;
INSERT INTO `traversees` VALUES
(1,'DAKAR','ZIGUINCHOR','2026-07-14 20:01:00','A.S.D',NULL,NULL,'2026-07-14','V01 DKR-ZIG 2026-07-14'),
(2,'ZIGUINCHOR','DAKAR','2026-07-16 13:30:00','A.S.D',NULL,NULL,'2026-07-16','V02 ZIG-DKR 2026-07-16'),
(3,'DAKAR','ZIGUINCHOR','2026-07-17 20:00:00','A.S.D',NULL,NULL,'2026-07-17','V03 DKR-ZIG 2026-07-17'),
(4,'ZIGUINCHOR','DAKAR','2026-07-19 13:30:00','A.S.D',NULL,NULL,'2026-07-19','V04 ZIG-DKR 2026-07-19'),
(6,'DAKAR','ZIGUINCHOR','2026-07-21 20:00:00','A.S.D',NULL,NULL,'2026-07-21','V05 DKR-ZIG 2026-07-21'),
(7,'ZIGUINCHOR','DAKAR','2026-07-23 13:30:00','A.S.D',NULL,NULL,'2026-07-23','V06 ZIG-DKR 2026-07-23'),
(8,'DAKAR','ZIGUINCHOR','2026-07-24 20:30:00','A.S.D',NULL,NULL,'2026-07-24','V07 DKR-ZIG 2026-07-24'),
(9,'ZIGUINCHOR','DAKAR','2026-07-26 13:31:00','A.S.D',NULL,NULL,'2026-07-26','V08 ZIG-DKR 2026-07-26'),
(10,'ZIGUINCHOR','DAKAR','2026-07-30 13:00:00','A.S.D',NULL,NULL,'2026-07-30','V09 ZIG-DKR 2026-07-30'),
(11,'DAKAR','ZIGUINCHOR','2026-08-04 20:00:00','A.S.D',NULL,NULL,'2026-08-04','V10 DKR-ZIG 2026-08-04'),
(12,'ZIGUINCHOR','DAKAR','2026-08-06 13:30:00','A.S.D',NULL,NULL,'2026-08-06','V11 ZIG-DKR 2026-08-06'),
(13,'DAKAR','ZIGUINCHOR','2026-08-07 20:00:00','A.S.D',NULL,NULL,'2026-08-07','V12 DKR-ZIG 2026-08-07'),
(14,'ZIGUINCHOR','DAKAR','2026-08-09 13:30:00','A.S.D',NULL,NULL,'2026-08-09','V13 ZIG-DKR 2026-08-09'),
(15,'DAKAR','ZIGUINCHOR','2026-08-11 20:00:00','A.S.D',NULL,NULL,'2026-08-11','V14 DKR-ZIG 2026-08-11'),
(16,'ZIGUINCHOR','DAKAR','2026-08-13 13:30:00','A.S.D',NULL,NULL,'2026-08-13','V15 ZIG-DKR 2026-08-13'),
(17,'DAKAR','ZIGUINCHOR','2026-08-14 20:00:00','A.S.D',NULL,NULL,'2026-08-14','V16 DKR-ZIG 2026-08-14'),
(18,'ZIGUINCHOR','DAKAR','2026-08-16 13:30:00','A.S.D',NULL,NULL,'2026-08-16','V17 ZIG-DKR 2026-08-16'),
(19,'DAKAR','ZIGUINCHOR','2026-08-18 20:00:00','A.S.D',NULL,NULL,'2026-08-18','V18 DKR-ZIG 2026-08-18'),
(20,'ZIGUINCHOR','DAKAR','2026-08-20 13:30:00','A.S.D',NULL,NULL,'2026-08-20','V19 ZIG-DKR 2026-08-20'),
(21,'DAKAR','ZIGUINCHOR','2026-08-21 20:00:00','A.S.D',NULL,NULL,'2026-08-21','V20 ZIG-DKR 2026-08-21'),
(22,'ZIGUINCHOR','DAKAR','2026-08-23 13:30:00','A.S.D',NULL,NULL,'2026-08-23','V21 ZIG-DKR 2026-08-23'),
(23,'DAKAR','ZIGUINCHOR','2026-08-25 20:00:00','A.S.D',NULL,NULL,'2026-08-25','V22 DKR-ZIG 2026-08-25'),
(24,'DAKAR','ZIGUINCHOR','2026-07-28 20:00:00','A.S.D',NULL,NULL,'2026-07-28','V23 DKR-ZIG 2026-07-28'),
(25,'ZIGUINCHOR','DAKAR','2026-08-02 13:30:00','A.S.D',NULL,NULL,'2026-08-02','V24 ZIG-DKR 2026-08-02'),
(26,'DAKAR','ZIGUINCHOR','2026-07-31 20:30:00','A.S.D',NULL,NULL,'2026-07-31','V25 DKR-ZIG 2026-07-31'),
(27,'ZIGUINCHOR','DAKAR','2026-08-27 17:53:00','A.S.D',NULL,NULL,'2026-08-27','V26 ZIG-DKR 2026-08-27'),
(28,'DAKAR','ZIGUINCHOR','2026-08-28 17:53:00','A.S.D',NULL,NULL,'2026-08-28','V27 DKR-ZIG 2026-08-28'),
(29,'ZIGUINCHOR','DAKAR','2026-08-30 17:54:00','A.S.D',NULL,NULL,'2026-08-30','V28 ZIG-DKR 2026-08-30');
/*!40000 ALTER TABLE `traversees` ENABLE KEYS */;
UNLOCK TABLES;

--
-- Table structure for table `users`
--

DROP TABLE IF EXISTS `users`;
/*!40101 SET @saved_cs_client     = @@character_set_client */;
/*!40101 SET character_set_client = utf8mb4 */;
CREATE TABLE `users` (
  `id` int(11) NOT NULL AUTO_INCREMENT,
  `nom` varchar(100) DEFAULT NULL,
  `email` varchar(100) DEFAULT NULL,
  `password` varchar(255) DEFAULT NULL,
  `role` enum('admin','agent','finance','exploitation') DEFAULT 'agent',
  `created_at` timestamp NOT NULL DEFAULT current_timestamp(),
  `force_password_change` tinyint(1) DEFAULT 0,
  PRIMARY KEY (`id`),
  UNIQUE KEY `email` (`email`)
) ENGINE=InnoDB AUTO_INCREMENT=24 DEFAULT CHARSET=utf8mb4 COLLATE=utf8mb4_general_ci;
/*!40101 SET character_set_client = @saved_cs_client */;

--
-- Dumping data for table `users`
--

LOCK TABLES `users` WRITE;
/*!40000 ALTER TABLE `users` DISABLE KEYS */;
INSERT INTO `users` VALUES
(3,'baba','baba@gmail.com','$2y$10$YbvYeNm9vtmFwZ.xzDOrT.LVKDwWc1bMCLNVwPWA3erzm7iYuJRI6','admin','2026-04-27 08:43:36',0),
(5,'GORA SECK','gora.seck@cosamasn.com','$2y$10$dYjEP7jaNBiC8u2w.ySHK./9Rt6w9kSs.ovKJ3pf1o4WFEpG.EuMO','admin','2026-04-27 12:46:22',0),
(10,'root','root@cosamasn.com','$2y$10$XpG2KrZytDNyxhB1oCPDw.vxZ/d6hUh1qGJIltigJcV7J1lCxRbpK','admin','2026-05-05 17:27:31',0),
(14,'BABA TALL','babatall@cosamasn.com','$2y$10$J3YHfMXrgg5tYE40ALYDBuPHp5McqOby1dswpGRP82pECDeaNJ0h6','exploitation','2026-05-05 17:38:01',1),
(15,'Mame Samba SOUMARE','msoumare@cosamasn.com','$2y$10$O0ppuVl.uV8v5TGYV6E7Q..r6cNYAmJqDDy1XvFCDBVrKrbf6DykG','exploitation','2026-07-02 16:20:51',1),
(16,'Yatma NIANG','yatmaniang@cosamasn.com','$2y$10$oNRycCELPr.THeXDPA5aQ.KJwvNGf/pc886d0hgQZ3eSKru3sTO4.','finance','2026-07-02 16:22:01',1),
(17,'Mareme Diaw','mdiaw@cosamasn.com','$2y$10$gnVOtzN54UK7fKZfKM3J4uSsXyqBjiO.fc0MyuVEqHgDytlsNvTCu','exploitation','2026-07-02 16:23:04',0),
(18,'OUMAR SAMB','oumarsamb@cosamasn.com','$2y$10$aMO96vG0BmAgKvd4uMsZgONHfOUmHz5A8CQnvIMmnrzhkwsvg/PRa','exploitation','2026-07-07 12:03:54',0),
(19,'Sanou SASBADJI','sanoubadji@cosamasn.com','$2y$10$.AXsxlDbWJ6rCz85ASdyfuTNWslYsS4uZc0SnRY6e4fTx7JwKhgiG','agent','2026-07-08 08:07:16',1),
(20,'Lahad  FALL','lahat@cosamasn.com','$2y$10$F3bSz3NezwOpfJ2J584aCOEAU7iv30RzSRwIBeiTJVy7dulcU.gp2','agent','2026-07-08 08:07:54',0),
(21,'Khadidiatou DIALLO','khady.diallo@cosamasn.com','$2y$10$ONJmCI36p7PakEzFUoSSpeav1d1KEHyT3W1IAXM42lwFQh6K5FUma','agent','2026-07-08 14:20:31',1),
(22,'Aissatou BALDE','aissatou.balde@cosamasn.com','$2y$10$85ivEgjcOoHxw7uceT5m/OubidXuqWmEWZs/qFqEBIbdb3s5G4Noe','agent','2026-07-08 14:22:32',0),
(23,'MOUSSA FALL','moussfall@cosamasn.com','$2y$10$rFs3oX7Od5JYVbs4MjzvHO/Uf6vuVclu1ZInv/AWZAIE.ZUq5RtJC','finance','2026-07-12 20:19:00',1);
/*!40000 ALTER TABLE `users` ENABLE KEYS */;
UNLOCK TABLES;
/*!40103 SET TIME_ZONE=@OLD_TIME_ZONE */;

/*!40101 SET SQL_MODE=@OLD_SQL_MODE */;
/*!40014 SET FOREIGN_KEY_CHECKS=@OLD_FOREIGN_KEY_CHECKS */;
/*!40014 SET UNIQUE_CHECKS=@OLD_UNIQUE_CHECKS */;
/*!40101 SET CHARACTER_SET_CLIENT=@OLD_CHARACTER_SET_CLIENT */;
/*!40101 SET CHARACTER_SET_RESULTS=@OLD_CHARACTER_SET_RESULTS */;
/*!40101 SET COLLATION_CONNECTION=@OLD_COLLATION_CONNECTION */;
/*!40111 SET SQL_NOTES=@OLD_SQL_NOTES */;

-- Dump completed on 2026-07-16 16:20:06
